,origin_ID,destination_ID,origin_X,origin_Y,destination_X,destination_Y,stage,experiment,region,strain,stress,sok5,length,face_ID,orientation
7,46,47,-9.824604472958526,449.13160173974575,-44.9979818987897,480.9957516984821,3,Wild Type,L1,0.009648093862323303,2.894428158696991,0.1405939296846015,47.46041015554761,22,anticlinal
12,49,46,57.671656020654154,452.0540466696025,-9.824604472958526,449.13160173974575,3,Wild Type,Flank,0.006869059248573971,2.060717774572191,0.17690926916734173,67.55949870291865,23,anticlinal
22,42,43,4.696593880117234,336.5680786515063,-71.56366219284473,340.39214738066335,3,Wild Type,L1,0.010966146445607823,3.289843933682347,0.18006856384049336,76.3560747940794,20,anticlinal
13,46,42,-9.824604472958526,449.13160173974575,4.696593880117234,336.5680786515063,3,Wild Type,Flank,0.006096874710022367,1.8290624130067101,0.23879045636534835,113.49630800887746,23,periclinal
16,45,42,69.27745602065443,335.9963466696024,4.696593880117234,336.5680786515063,3,Wild Type,Vasc,0.011741608835976823,3.522482650793047,0.2034691338228409,64.5833928519879,21,anticlinal
21,39,42,5.036274152847682,245.76810149830908,4.696593880117234,336.5680786515063,3,Wild Type,L1,0.006494978905464985,1.9484936716394956,0.25023439400863956,90.80061251835706,20,periclinal
32,40,39,43.87620974197807,237.11709146437875,5.036274152847682,245.76810149830908,3,Wild Type,Vasc,0.01635331307669318,4.905993923007954,0.3420564126652231,39.79171485592146,18,anticlinal
27,41,40,82.99335602065435,233.65464666960224,43.87620974197807,237.11709146437875,3,Wild Type,Vasc,0.016310321196648294,4.893096358994488,0.4338015529398854,39.270086031790555,19,anticlinal
35,36,37,-38.31866957839884,242.50085812425118,-89.10080067926879,250.8675117264006,3,Wild Type,L1,0.015983378860116006,4.795013658034802,0.26312814278050384,51.46674393862801,16,anticlinal
40,39,36,5.036274152847682,245.76810149830908,-38.31866957839884,242.50085812425118,3,Wild Type,Gnd,0.016254585211269258,4.876375563380777,0.37653758007366334,43.47787972296806,17,anticlinal
31,35,40,43.37871225970525,108.27581527150892,43.87620974197807,237.11709146437875,3,Wild Type,Vasc,0.0009276711932454074,0.2783013579736222,0.5149925228017296,128.8422366879442,18,periclinal
44,34,35,101.45705602065414,103.35354666960211,43.37871225970525,108.27581527150892,3,Wild Type,Vasc,0.03860958083348654,11.582874250045963,0.7468182805375324,58.28655713116248,15,anticlinal
43,33,39,7.094545313165554,111.49186377862384,5.036274152847682,245.76810149830908,3,Wild Type,Gnd,0.00172884873708791,0.5186546211263731,0.5189886237771006,134.29201203468068,17,periclinal
45,35,33,43.37871225970525,108.27581527150892,7.094545313165554,111.49186377862384,3,Wild Type,Vasc,0.03861092441086107,11.583277323258322,0.7100230393228962,36.426415401525304,15,anticlinal
49,30,31,-47.38700589010682,118.13815212392205,-106.0594798990785,120.45666186533094,3,Wild Type,L1,0.04007019329312967,12.021057987938901,0.6591082953733653,58.71826541847489,13,anticlinal
41,36,30,-38.31866957839884,242.50085812425118,-47.38700589010682,118.13815212392205,3,Wild Type,Gnd,0.00491609756627366,1.4748292698820982,0.6287792432194066,124.69289220796243,17,periclinal
54,33,30,7.094545313165554,111.49186377862384,-47.38700589010682,118.13815212392205,3,Wild Type,Gnd,0.039064855561132775,11.719456668339832,0.6868400320827991,54.8854495315802,14,anticlinal
57,28,33,11.629176530049335,12.529561207612915,7.094545313165554,111.49186377862384,3,Wild Type,Gnd,0.0035256671892028722,1.0577001567608617,0.488578561637044,99.0661405851134,14,periclinal
58,29,28,106.20485602065423,9.979946669602441,11.629176530049335,12.529561207612915,3,Wild Type,Vasc,0.029878464081250954,8.963539224375287,0.5151368069695714,94.61004008773095,12,anticlinal
62,26,27,-35.15385271325613,14.597594480032058,-108.04604076693704,11.738825677880868,3,Wild Type,L1,0.02908830628058611,8.726491884175834,0.4176783023154836,72.94822573796662,10,anticlinal
55,30,26,-47.38700589010682,118.13815212392205,-35.15385271325613,14.597594480032058,3,Wild Type,Gnd,0.0031463294572058997,0.9438988371617699,0.49473167461142514,104.26071702158967,14,periclinal
66,28,26,11.629176530049335,12.529561207612915,-35.15385271325613,14.597594480032058,3,Wild Type,Gnd,0.029694083066116643,8.908224919834993,0.513303697677027,46.82871540834541,11,anticlinal
69,24,28,14.35000964826122,-67.43222794349379,11.629176530049335,12.529561207612915,3,Wild Type,Gnd,0.0036057978719284236,1.0817393615785271,0.5361383123852405,80.00806620024761,11,periclinal
70,25,24,108.84255602065446,-65.45756333039776,14.35000964826122,-67.43222794349379,3,Wild Type,Vasc,0.035590329294918406,10.677098788475522,0.6018903184463933,94.51317696635267,9,anticlinal
74,21,22,-35.90883962062162,-68.35544271769288,-96.06742181182244,-70.84946488440221,3,Wild Type,L1,0.03605258337220239,10.815775011660717,0.5488834055345916,60.210257911949704,7,anticlinal
67,26,21,-35.15385271325613,14.597594480032058,-35.90883962062162,-68.35544271769288,3,Wild Type,Gnd,0.0016121478045532595,0.48364434136597784,0.5662581784322828,82.95647283700912,11,periclinal
79,24,21,14.35000964826122,-67.43222794349379,-35.90883962062162,-68.35544271769288,3,Wild Type,Gnd,0.03573075567639111,10.719226702917334,0.6092849017122167,50.26732791139374,8,anticlinal
82,19,24,19.816668360803078,-172.76783911519317,14.35000964826122,-67.43222794349379,3,Wild Type,Gnd,0.003477232128332371,1.0431696384997113,0.5368637992892817,105.47736884467136,8,periclinal
92,20,19,112.00775602065414,-161.99642333039765,19.816668360803078,-172.76783911519317,3,Wild Type,Vasc,0.035879108592536735,10.76373257776102,0.42686084759069326,92.81820964614263,6,anticlinal
83,16,17,-28.226845116862023,-180.8210863721671,-96.57114695623545,-194.8787068396133,3,Wild Type,L1,0.03675329142896829,11.025987428690488,0.3461695336233063,69.77506923764493,4,anticlinal
80,21,16,-35.90883962062162,-68.35544271769288,-28.226845116862023,-180.8210863721671,3,Wild Type,Gnd,0.0010687029709016366,0.32061089127049097,0.557005788378021,112.72769864665457,8,periclinal
88,19,16,19.816668360803078,-172.76783911519317,-28.226845116862023,-180.8210863721671,3,Wild Type,Gnd,0.036313553995238314,10.894066198571494,0.4220812160534287,48.713796594604965,5,anticlinal
97,11,12,-12.97996519252456,-285.88305206209384,-66.50095719951423,-306.20140476042457,3,Wild Type,L1,0.009105591584873026,2.731677475461908,0.33279625311138133,57.247987229124625,2,anticlinal
89,16,11,-28.226845116862023,-180.8210863721671,-12.97996519252456,-285.88305206209384,3,Wild Type,Gnd,0.0001808403591986687,0.05425210775960061,0.3962563299355588,106.1625356802413,5,periclinal
96,10,11,31.702628663658743,-276.61777079869694,-12.97996519252456,-285.88305206209384,3,Wild Type,L1,0.00932776292739936,2.798328878219808,0.4728886740922939,45.633097972924034,2,anticlinal
93,19,10,19.816668360803078,-172.76783911519317,31.702628663658743,-276.61777079869694,3,Wild Type,Vasc,0.0016352142403189816,0.4905642720956945,0.3910028638030867,104.52791188476627,6,periclinal
103,15,10,113.59035602065455,-270.1410433303977,31.702628663658743,-276.61777079869694,3,Wild Type,Flank,0.009394843194252076,2.818452958275623,0.4620258578755675,82.1434592063927,3,anticlinal
114,6,7,47.20790585530494,-401.1234362929355,9.912476639254919,-415.19749125661554,3,Wild Type,Flank,0.009585649224277043,2.875694767283113,0.21065618062806174,39.8626148606697,1,anticlinal
104,10,6,31.702628663658743,-276.61777079869694,47.20790585530494,-401.1234362929355,3,Wild Type,Flank,0.00026145482701323913,0.07843644810397174,0.39895148183587664,125.46742350488037,3,periclinal
113,5,6,117.28315602065413,-390.41897333039765,47.20790585530494,-401.1234362929355,3,Wild Type,Flank,0.009662609896138378,2.8987829688415134,0.25240955787191166,70.88812462643243,1,anticlinal
122,56,57,100.63655010390471,471.6495287490766,-5.933130225117907,475.60530559011136,3,Ablation,Flank,0.03244044721269779,9.732134163809336,0.08130715557992815,106.64307261067704,24,anticlinal
139,51,52,42.66718420023699,319.8565179324976,-20.14854891761115,457.4099116073153,3,Ablation,L1,0.021537964702145102,6.46138941064353,0.16397664994298783,151.21756656748613,21,periclinal
127,55,51,103.62555010390497,309.4985287490763,42.66718420023699,319.8565179324976,3,Ablation,Vasc,0.01227931532231096,3.683794596693288,0.24127005277976132,61.83211393417941,23,anticlinal
135,48,51,41.34298839159396,207.9445715324773,42.66718420023699,319.8565179324976,3,Ablation,Gnd,0.012317473605370735,3.6952420816112204,0.31391588356541617,111.91978038568803,22,periclinal
131,50,48,102.13105010390473,201.89592874907635,41.34298839159396,207.9445715324773,3,Ablation,Vasc,0.050169687747344725,15.050906324203417,0.28796265748550065,61.088251949625224,20,anticlinal
158,47,48,43.260441681565,164.62080678605685,41.34298839159396,207.9445715324773,3,Ablation,Gnd,0.014941535705565195,4.4824607116695585,0.36931699058730316,43.36617597762576,18,periclinal
167,49,47,105.86725010390478,155.56712874907635,43.260441681565,164.62080678605685,3,Ablation,L1,0.018883347890567854,5.665004367170356,0.28236241699365044,63.258055193223086,19,anticlinal
138,45,51,-7.117580777705598,213.71492678231084,42.66718420023699,319.8565179324976,3,Ablation,L1,0.0049287644246431925,1.4786293273929578,0.3370631637280742,117.23719629794283,21,periclinal
154,48,45,41.34298839159396,207.9445715324773,-7.117580777705598,213.71492678231084,3,Ablation,Gnd,0.053364965669718975,16.009489700915694,0.40101673320473696,48.802907330626816,18,anticlinal
145,42,43,-31.199033034104104,217.7223678055127,-84.11033485698363,231.77679495785765,3,Ablation,L1,0.05628936629320039,16.886809887960116,0.25618919761567627,54.746075504755815,15,anticlinal
150,45,42,-7.117580777705598,213.71492678231084,-31.199033034104104,217.7223678055127,3,Ablation,Gnd,0.0550995225384113,16.52985676152339,0.502417945971692,24.412618178549426,16,anticlinal
173,39,40,-43.26405369185295,139.3236522883335,-109.20501588143077,151.22388010284863,3,Ablation,L1,0.02855407730049701,8.566223190149103,0.21916886236014968,67.00616327267731,14,anticlinal
151,42,39,-31.199033034104104,217.7223678055127,-43.26405369185295,139.3236522883335,3,Ablation,Gnd,0.005493249502206396,1.6479748506619187,0.34728290648103005,79.32164470190655,16,periclinal
172,38,39,-19.225054539910616,135.15047364644488,-43.26405369185295,139.3236522883335,3,Ablation,L1,0.02873840719629585,8.621522158888755,0.43241251891227855,24.398542993469913,14,anticlinal
155,45,38,-7.117580777705598,213.71492678231084,-19.225054539910616,135.15047364644488,3,Ablation,Gnd,0.008919835703154773,2.6759507109464318,0.500585439971061,79.4919129059061,18,periclinal
159,46,38,15.551104028401824,133.20258587063495,-19.225054539910616,135.15047364644488,3,Ablation,Gnd,0.019681547306204066,5.90446419186122,0.48810251703924995,34.830668548788445,17,anticlinal
163,47,46,43.260441681565,164.62080678605685,15.551104028401824,133.20258587063495,3,Ablation,L1,0.019990142776512194,5.9970428329536585,0.4002880612767845,41.891669800418086,19,anticlinal
178,35,38,-16.800587909872092,96.50115876836321,-19.225054539910616,135.15047364644488,3,Ablation,L1,0.018776968470303433,5.63309054109103,0.4793116784298182,38.725283459069416,14,periclinal
195,34,35,17.99580427212004,94.73162164179917,-16.800587909872092,96.50115876836321,3,Ablation,Gnd,0.0302313939913065,9.06941819739195,0.4117931140344204,34.84135718546698,11,anticlinal
164,46,34,15.551104028401824,133.20258587063495,17.99580427212004,94.73162164179917,3,Ablation,L1,0.014138999599591496,4.241699879877449,0.44220835300503425,38.54856220377095,19,periclinal
168,37,34,113.32465010390456,67.39062874907631,17.99580427212004,94.73162164179917,3,Ablation,Vasc,0.03436174415782951,10.308523247348854,0.4000974972173134,99.1721671638775,13,anticlinal
194,33,34,15.926753844005589,3.759267268264466,17.99580427212004,94.73162164179917,3,Ablation,Gnd,0.005432657580384595,1.6297972741153786,0.34863152937721475,90.99588029102229,11,periclinal
179,36,33,116.35715010390436,-0.5388712509236484,15.926753844005589,3.759267268264466,3,Ablation,Vasc,0.006064725527462428,1.8194176582387285,0.3934669375560108,100.52232830396646,12,anticlinal
184,29,30,-34.94003021074229,66.13507923277211,-133.18746357803923,66.46958706029068,3,Ablation,L1,0.02453620822283667,7.3608624668510005,0.21735679864702157,98.24800282320308,10,anticlinal
190,35,29,-16.800587909872092,96.50115876836321,-34.94003021074229,66.13507923277211,3,Ablation,Gnd,0.02744735196821856,8.234205590465567,0.39801575946613854,35.37143131608394,11,anticlinal
193,27,33,2.0819427922207296,-46.699414314600745,15.926753844005589,3.759267268264466,3,Ablation,Gnd,0.006788080646003068,2.0364241938009204,0.40703387089330795,52.32358302085786,11,periclinal
210,26,27,20.78875539904857,-59.722241908618344,2.0819427922207296,-46.699414314600745,3,Ablation,Gnd,0.034408204786272524,10.322461435881758,0.463028835839123,22.793395456808955,8,anticlinal
212,28,26,120.17135010390484,-62.26967125092369,20.78875539904857,-59.722241908618344,3,Ablation,Vasc,0.03756794156572672,11.270382469718017,0.5751245699041257,99.41523789904527,9,anticlinal
196,23,24,-35.55952601486388,-49.14631178925197,-118.94448751886819,-55.76520031393329,3,Ablation,L1,0.039324024205703675,11.797207261711103,0.5482744496473632,83.64724436779994,7,anticlinal
191,29,23,-34.94003021074229,66.13507923277211,-35.55952601486388,-49.14631178925197,3,Ablation,Gnd,0.017117180938048586,5.135154281414576,0.5098542942358661,115.283055524323,11,periclinal
211,27,23,2.0819427922207296,-46.699414314600745,-35.55952601486388,-49.14631178925197,3,Ablation,Gnd,0.04297899788378515,12.893699365135545,0.5541325791018697,37.720915699465436,8,anticlinal
201,20,21,-39.49878428257682,-118.21402864176548,-116.36133442519838,-138.93547437812822,3,Ablation,L1,0.01185372092468988,3.556116277406964,0.216865518309971,79.60672036852189,6,anticlinal
206,23,20,-35.55952601486388,-49.14631178925197,-39.49878428257682,-118.21402864176548,3,Ablation,Gnd,0.014109195859470248,4.232758757841075,0.41271660338710064,69.17996290053013,8,periclinal
218,16,17,-12.88905696033305,-177.25022773468402,-83.28820907842612,-204.3814186774597,3,Ablation,L1,0.02880436772699304,8.641310318097911,0.1413706233594797,75.44628646209011,4,anticlinal
207,20,16,-39.49878428257682,-118.21402864176548,-12.88905696033305,-177.25022773468402,3,Ablation,Gnd,0.013367347941694353,4.010204382508306,0.3427373180047391,64.75608381845588,8,periclinal
217,15,16,21.069806267559215,-176.63008839048075,-12.88905696033305,-177.25022773468402,3,Ablation,L1,0.035238564989710265,10.57156949691308,0.317790311939242,33.964525089229824,4,anticlinal
213,26,15,20.78875539904857,-59.722241908618344,21.069806267559215,-176.63008839048075,3,Ablation,Vasc,0.003807638755979115,1.1422916267937346,0.30830322878889665,116.90818430981382,9,periclinal
223,14,15,57.35906259327771,-178.92773688491218,21.069806267559215,-176.63008839048075,3,Ablation,L1,0.03507928353685935,10.523785061057806,0.29332606560106517,36.361921198936436,4,anticlinal
224,19,14,121.81025010390476,-176.71785125092356,57.35906259327771,-178.92773688491218,3,Ablation,Vasc,0.03615861090514319,10.847583271542957,0.3787705844869589,64.48906237529988,5,anticlinal
230,9,10,17.81672943537842,-322.9445617055999,-38.79854402763101,-336.89679991192554,3,Ablation,L1,0.011182733260417039,3.3548199781251116,0.12829488827898397,58.30912570307836,2,anticlinal
225,14,9,57.35906259327771,-178.92773688491218,17.81672943537842,-322.9445617055999,3,Ablation,Vasc,0.004870753883326333,1.4612261649979,0.33440225186232114,149.34671721535412,5,periclinal
229,8,9,59.16010196261709,-324.57753523470694,17.81672943537842,-322.9445617055999,3,Ablation,L1,0.009542861694610468,2.86285850838314,0.24731218694763085,41.37560941512279,2,anticlinal
236,13,8,120.63935010390469,-323.0909012509237,59.16010196261709,-324.57753523470694,3,Ablation,Flank,0.009765799258794174,2.929739777638252,0.24110590323159747,61.49721971455095,3,anticlinal
245,4,5,45.89822021962709,-445.3920600234652,0.7417132016560117,-454.7563489194523,3,Ablation,Flank,0.01417197847595181,4.2515935427855425,0.1252857490046058,46.11724224833461,1,anticlinal
237,8,4,59.16010196261709,-324.57753523470694,45.89822021962709,-445.3920600234652,3,Ablation,Flank,0.002003085395570656,0.6009256186711968,0.13048327762319153,121.54022752693257,3,periclinal
244,3,4,119.46835010390464,-441.36033125092365,45.89822021962709,-445.3920600234652,3,Ablation,Flank,0.013681827898700358,4.104548369610107,0.19727294448828192,73.68051878267964,1,anticlinal
254,74,75,35.35173704416002,456.3309288037185,1.5762102769983812,504.2241798543939,4,Wild Type,L1,0.009749060361363754,2.924718108409126,0.13276275733700413,58.60503139323683,33,anticlinal
259,77,74,114.92303798731587,449.7988304838793,35.35173704416002,456.3309288037185,4,Wild Type,Flank,0.00493985549178821,1.481956647536463,0.26218619256763137,79.83896443620947,34,anticlinal
265,71,72,45.94166222109561,404.7167795368937,-36.90768294430745,407.2662525171279,4,Wild Type,L1,0.0017119407073247824,0.5135822121974347,0.1674684296617156,82.88856258141433,32,anticlinal
260,74,71,35.35173704416002,456.3309288037185,45.94166222109561,404.7167795368937,4,Wild Type,Flank,0.007530121071715813,2.2590363215147438,0.2429118652396732,52.68934351262282,34,periclinal
264,69,71,62.67323933052012,341.63336564379756,45.94166222109561,404.7167795368937,4,Wild Type,L1,0.008170819755298622,2.4512459265895865,0.33385801911688107,65.264559915595,32,periclinal
274,70,69,127.25423798731595,347.17153048387945,62.67323933052012,341.63336564379756,4,Wild Type,Vasc,0.009753934719994682,2.9261804159984046,0.39087971961549073,64.81802725557901,31,anticlinal
280,66,67,3.1998843782719177,340.72931477706993,-47.311571433954896,348.4824802758119,4,Wild Type,L1,0.006644962024520136,1.9934886073560407,0.287070233123255,51.103020884497866,29,anticlinal
270,69,66,62.67323933052012,341.63336564379756,3.1998843782719177,340.72931477706993,4,Wild Type,Gnd,0.006766446938384867,2.02993408151546,0.3932755589040292,59.480225766600256,30,anticlinal
279,63,66,-5.686157872480408,246.10832298026298,3.1998843782719177,340.72931477706993,4,Wild Type,L1,0.0021270331735372167,0.638109952061165,0.43840026345445027,95.03732864245272,29,periclinal
285,62,63,59.36799603134091,246.98506886710084,-5.686157872480408,246.10832298026298,4,Wild Type,Gnd,0.015030691757197475,4.5092075271592424,0.44219085134841957,65.06006166222222,26,anticlinal
275,69,62,62.67323933052012,341.63336564379756,59.36799603134091,246.98506886710084,4,Wild Type,Vasc,0.008521139114108131,2.5563417342324395,0.450826429511223,94.70599091924666,31,periclinal
304,64,62,102.34045168606963,238.43072683962623,59.36799603134091,246.98506886710084,4,Wild Type,Vasc,0.017217824047627367,5.16534721428821,0.44184906230958765,43.81562178630636,27,anticlinal
290,65,64,144.8131379873157,234.66463048387936,102.34045168606963,238.43072683962623,4,Wild Type,Vasc,0.017202658075877765,5.16079742276333,0.4963854993721241,42.63933117914523,28,anticlinal
306,57,58,-30.144766983924683,241.39390874466562,-84.78522912743597,262.64789579002536,4,Wild Type,L1,0.012589541336503342,3.7768624009510026,0.42035909991921405,58.628594291359306,24,anticlinal
286,63,57,-5.686157872480408,246.10832298026298,-30.144766983924683,241.39390874466562,4,Wild Type,Gnd,0.01555080900884582,4.665242702653746,0.5343446179278486,24.908818945329944,26,anticlinal
305,56,57,-32.16593154657153,206.1296286284546,-30.144766983924683,241.39390874466562,4,Wild Type,L1,0.006635443558002196,1.990633067400659,0.4769293687943641,35.32215393069759,24,periclinal
294,61,56,43.65429284565835,181.04862357203797,-32.16593154657153,206.1296286284546,4,Wild Type,Gnd,-0.0010841303747194284,-0.32523911241582854,0.3150051117867117,79.86089932832016,25,anticlinal
298,62,61,59.36799603134091,246.98506886710084,43.65429284565835,181.04862357203797,4,Wild Type,Vasc,0.0058563246229989185,1.7568973868996756,0.4220786328496585,67.7830014528462,27,periclinal
303,55,64,85.88218106815975,106.48738716544585,102.34045168606963,238.43072683962623,4,Wild Type,Vasc,0.0017462386362431452,0.5238715908729435,0.556580583669066,132.96585861080467,27,periclinal
313,54,55,155.40783798731604,100.95173048387937,85.88218106815975,106.48738716544585,4,Wild Type,Vasc,0.03261626496855706,9.784879490567118,0.7668266643797014,69.74568420294116,23,anticlinal
312,52,56,-65.660166047551,128.70148490074484,-32.16593154657153,206.1296286284546,4,Wild Type,L1,0.007228629579039348,2.1685888737118044,0.49622939191528426,84.36220235345617,24,periclinal
333,51,52,2.7710803153149755,118.69591671061016,-65.660166047551,128.70148490074484,4,Wild Type,Gnd,0.03496548079401104,10.489644238203311,0.5838076042670577,69.1588524599902,21,anticlinal
299,61,51,43.65429284565835,181.04862357203797,2.7710803153149755,118.69591671061016,4,Wild Type,Vasc,0.006130132459932492,1.8390397379797476,0.473209352041861,74.56069420108943,27,periclinal
332,50,51,20.470588498623556,105.42320572256881,2.7710803153149755,118.69591671061016,4,Wild Type,Gnd,0.031171766367091625,9.351529910127487,0.6310370736260201,22.12323319280166,21,anticlinal
319,53,50,76.48779740034138,102.77460474754344,20.470588498623556,105.42320572256881,4,Wild Type,Vasc,0.0338362803480445,10.15088410441335,0.6539948121236158,56.079789409943395,22,anticlinal
314,55,53,85.88218106815975,106.48738716544585,76.48779740034138,102.77460474754344,4,Wild Type,Vasc,0.030452483199910573,9.135744959973172,0.839143700917097,10.101445331280962,23,anticlinal
322,46,47,-76.52505155129484,122.96587131035926,-147.44505226067224,129.54991320510067,4,Wild Type,L1,0.038021978817575165,11.40659364527255,0.43559619892114265,71.22496829265565,20,anticlinal
328,52,46,-65.660166047551,128.70148490074484,-76.52505155129484,122.96587131035926,4,Wild Type,Gnd,0.033626478049384546,10.087943414815363,0.6608843435075823,12.285886222315373,21,anticlinal
318,45,53,109.85382147612131,8.731629198610335,76.48779740034138,102.77460474754344,4,Wild Type,Vasc,0.0023262199478366525,0.6978659843509958,0.4812972867997549,99.78663644357773,22,periclinal
334,44,45,160.54543798731584,3.7787304838793716,109.85382147612131,8.731629198610335,4,Wild Type,Vasc,0.0336459895839347,10.09379687518041,0.6145596609938123,50.93300688351703,19,anticlinal
331,43,50,-7.734195705472757,12.379142524063809,20.470588498623556,105.42320572256881,4,Wild Type,Gnd,0.008259137967923559,2.4777413903770675,0.39251486973024685,97.22503560548093,21,periclinal
335,45,43,109.85382147612131,8.731629198610335,-7.734195705472757,12.379142524063809,4,Wild Type,Vasc,0.03260805664255174,9.782416992765521,0.3902348589163705,117.64457547272727,19,anticlinal
340,39,40,-72.54795404497213,10.330454412695644,-168.182609438619,26.209946243083323,4,Wild Type,L1,0.034961896151217475,10.488568845365243,0.3683763240257696,96.9440331998465,17,anticlinal
329,46,39,-76.52505155129484,122.96587131035926,-72.54795404497213,10.330454412695644,4,Wild Type,Gnd,0.006149413221199103,1.8448239663597308,0.3954586680447201,112.70560963982798,21,periclinal
346,43,39,-7.734195705472757,12.379142524063809,-72.54795404497213,10.330454412695644,4,Wild Type,Gnd,0.03611698612382792,10.835095837148375,0.4329547437389772,64.84612858967516,18,anticlinal
350,36,43,5.574544027396314,-79.47519684015936,-7.734195705472757,12.379142524063809,4,Wild Type,Gnd,0.005771194556616321,1.7313583669848964,0.4141140499251395,92.81348077361997,18,periclinal
363,37,36,85.67831249521737,-79.94367212200154,5.574544027396314,-79.47519684015936,4,Wild Type,Vasc,0.027649159009485943,8.294747702845783,0.5615757940609882,80.10513836100641,15,anticlinal
358,38,37,159.61193798731597,-69.49826951612067,85.67831249521737,-79.94367212200154,4,Wild Type,Vasc,0.027435451282862053,8.230635384858616,0.8412825263138385,74.66784725706798,16,anticlinal
352,32,33,-80.74692232958455,-82.95089464067814,-177.29389785884132,-89.4530045962855,4,Wild Type,L1,0.027801450711763903,8.34043521352917,0.4979309382897184,96.76567530752686,13,anticlinal
347,39,32,-72.54795404497213,10.330454412695644,-80.74692232958455,-82.95089464067814,4,Wild Type,Gnd,0.013222502214448975,3.9667506643346924,0.48206195773475385,93.64098014304122,18,periclinal
351,31,32,-67.7589456270548,-89.6349918220767,-80.74692232958455,-82.95089464067814,4,Wild Type,L1,0.02902172634573203,8.70651790371961,0.6909813602048063,14.607008384875929,13,anticlinal
376,36,31,5.574544027396314,-79.47519684015936,-67.7589456270548,-89.6349918220767,4,Wild Type,Gnd,0.02799734500378213,8.39920350113464,0.5692142445237144,74.03392559478446,14,anticlinal
366,28,29,-61.64505485106838,-145.34232467439108,-149.28287929254532,-174.08067640040724,4,Wild Type,L1,0.014234728810234742,4.270418643070423,0.18708875983243228,92.22950250740458,12,anticlinal
371,31,28,-67.7589456270548,-89.6349918220767,-61.64505485106838,-145.34232467439108,4,Wild Type,Gnd,0.015343379797686846,4.603013939306054,0.4310780601964998,56.04182896675694,14,periclinal
362,26,37,94.71029925701896,-171.6541275738557,85.67831249521737,-79.94367212200154,4,Wild Type,Vasc,0.003829810909369535,1.1489432728108604,0.465873840842986,92.15413405839092,15,periclinal
383,27,26,154.0111379873158,-167.51205951612076,94.71029925701896,-171.6541275738557,4,Wild Type,Vasc,0.023578428699750374,7.073528609925113,0.41733965318671823,59.44532111034125,11,anticlinal
375,25,36,55.41782897312078,-179.47544520097267,5.574544027396314,-79.47519684015936,4,Wild Type,Gnd,0.0019596584530505363,0.5878975359151609,0.3810571294121638,111.73362397418705,14,periclinal
388,26,25,94.71029925701896,-171.6541275738557,55.41782897312078,-179.47544520097267,4,Wild Type,Vasc,0.023789869940070138,7.136960982021042,0.4775197483140651,40.0633402306307,10,anticlinal
378,22,23,-34.12633945011635,-185.02765076869105,-106.56583195563098,-220.96312179762367,4,Wild Type,L1,0.01570309385137673,4.710928155413019,0.35201486917260666,80.8630827542938,8,anticlinal
372,28,22,-61.64505485106838,-145.34232467439108,-34.12633945011635,-185.02765076869105,4,Wild Type,Gnd,0.016106739029487293,4.832021708846188,0.3461351507279311,48.29290635827917,14,periclinal
377,21,22,-21.276989808171948,-187.21387102378878,-34.12633945011635,-185.02765076869105,4,Wild Type,L1,0.026785168123284988,8.035550436985496,0.45132071839372556,13.034007258887664,8,anticlinal
400,25,21,55.41782897312078,-179.47544520097267,-21.276989808171948,-187.21387102378878,4,Wild Type,Gnd,0.023714041882714906,7.114212564814472,0.3745855173576132,77.08422965892932,9,anticlinal
391,18,19,-2.4364448511432784,-243.23505811450616,-78.57654861763422,-261.07121783586376,4,Wild Type,L1,0.0005072017160524894,0.15216051481574683,0.29164830552430737,78.20130430611619,7,anticlinal
396,21,18,-21.276989808171948,-187.21387102378878,-2.4364448511432784,-243.23505811450616,4,Wild Type,Gnd,0.006586102309850608,1.9758306929551823,0.4069974600971843,59.10447984147206,9,periclinal
387,16,26,119.50934614648008,-279.1466086459967,94.71029925701896,-171.6541275738557,4,Wild Type,Vasc,0.0012303129494230713,0.3690938848269214,0.45373753821859636,110.31602881571781,10,periclinal
401,17,16,144.07463798731555,-279.0534995161206,119.50934614648008,-279.1466086459967,4,Wild Type,Flank,0.010626168293110022,3.1878504879330065,0.3990790776283991,24.565468294650604,6,anticlinal
399,15,25,83.0405024371621,-280.3667626929007,55.41782897312078,-179.47544520097267,4,Wild Type,Gnd,0.003924318270133618,1.1772954810400855,0.3773194714125575,104.60434997913842,9,periclinal
415,16,15,119.50934614648008,-279.1466086459967,83.0405024371621,-280.3667626929007,4,Wild Type,Flank,0.010197234818425894,3.0591704455277684,0.4452638296248518,36.48924961400053,5,anticlinal
405,11,12,27.51117432754313,-291.6996430609944,-39.348169204232136,-327.66348535708516,4,Wild Type,L1,0.0077388450890733445,2.3216535267220033,0.527870398387721,75.91817812749478,3,anticlinal
397,18,11,-2.4364448511432784,-243.23505811450616,27.51117432754313,-291.6996430609944,4,Wild Type,Gnd,0.006552401883682839,1.9657205651048517,0.3906907932087348,56.970833665192224,9,periclinal
411,15,11,83.0405024371621,-280.3667626929007,27.51117432754313,-291.6996430609944,4,Wild Type,Gnd,0.009257988118447753,2.777396435534326,0.45869963828381677,56.6739839586317,4,anticlinal
418,8,16,108.53833125033157,-409.39398437799196,119.50934614648008,-279.1466086459967,4,Wild Type,Flank,0.000963369383358029,0.2890108150074087,0.43115806796814665,130.70861506772636,5,periclinal
419,9,8,144.43843798731587,-408.2033295161207,108.53833125033157,-409.39398437799196,4,Wild Type,Flank,0.008023395912294645,2.4070187736883937,0.3444742524102431,35.91984580600205,2,anticlinal
429,4,5,60.11910067991312,-423.86565641957714,36.393116022642744,-434.1524784997389,4,Wild Type,Flank,0.008922914011271505,2.6768742033814514,0.3252924212097753,25.860028160578878,1,anticlinal
412,11,4,27.51117432754313,-291.6996430609944,60.11910067991312,-423.86565641957714,4,Wild Type,Gnd,0.003664850390808252,1.0994551172424756,0.4589618488158082,136.12910029858662,4,periclinal
428,3,4,88.31943667511428,-415.1898326346287,60.11910067991312,-423.86565641957714,4,Wild Type,Flank,0.008466101069332646,2.5398303207997937,0.4347941630455715,29.504726207672473,1,anticlinal
416,15,3,83.0405024371621,-280.3667626929007,88.31943667511428,-415.1898326346287,4,Wild Type,Flank,0.0020629399802816997,0.61888199408451,0.4850699453511064,134.9263774626767,5,periclinal
420,8,3,108.53833125033157,-409.39398437799196,88.31943667511428,-415.1898326346287,4,Wild Type,Flank,0.008171947796394283,2.451584338918285,0.39612649507803543,21.0332012508251,2,anticlinal
427,2,3,118.78363798731584,-582.0736795161207,88.31943667511428,-415.1898326346287,4,Wild Type,Flank,0.001910901278515135,0.5732703835545405,0.20363832007541624,169.64163967480275,1,periclinal
437,71,72,53.6144678036477,-519.518694315802,165.76103026510725,-491.2554206496583,4,Ablation,Flank,0.011594484628995962,3.4783453886987883,0.19906587298708278,115.65320622554907,28,anticlinal
442,67,68,18.460152388160054,-431.9960374302377,162.41443026510717,-407.59178064965806,4,Ablation,Flank,0.007438638633234476,2.2315915899703427,0.23081684991636361,146.0082253439366,26,anticlinal
455,63,64,88.21670055293623,-301.28987441408356,175.80063026510732,-298.59000064965824,4,Ablation,Vasc,0.016694408941020557,5.008322682306167,0.28146420720398146,87.62553316340139,25,anticlinal
449,65,63,74.97387025219894,-354.51827675967434,88.21670055293623,-301.28987441408356,4,Ablation,L1,0.0016571650732190007,0.4971495219657002,0.22720088101518074,54.851028893159516,27,periclinal
448,66,65,-0.1487706111438456,-406.81701827448944,74.97387025219894,-354.51827675967434,4,Ablation,L1,0.001754879184354963,0.5264637553064889,0.14260186504651282,91.53452646032656,27,anticlinal
454,62,63,22.20884329432124,-299.6723458067165,88.21670055293623,-301.28987441408356,4,Ablation,Vasc,0.015492153211200621,4.647645963360186,0.24321787627127323,66.02767312778289,25,anticlinal
460,61,62,-48.8611807757286,-331.5360863639688,22.20884329432124,-299.6723458067165,4,Ablation,L1,0.01891612060271836,5.6748361808155074,0.1751814014670503,77.88611098018278,24,anticlinal
473,56,57,61.425026930887384,-208.82566345435237,179.62523026510723,-206.7990406496582,4,Ablation,Vasc,0.011765536264331054,3.5296608792993163,0.31727396035088506,118.21757597008755,22,anticlinal
469,58,56,24.97201888691552,-263.02843463276486,61.425026930887384,-208.82566345435237,4,Ablation,Gnd,0.007424486931680153,2.227346079504046,0.2625528843958095,65.32045773624999,23,periclinal
461,62,58,22.20884329432124,-299.6723458067165,24.97201888691552,-263.02843463276486,4,Ablation,L1,0.009213254610291476,2.7639763830874426,0.2926606211575372,36.74794369049741,24,periclinal
468,53,58,-36.55503880874494,-169.30219342570558,24.97201888691552,-263.02843463276486,4,Ablation,Gnd,0.003920124262561982,1.1760372787685947,0.2620669063113119,112.11684583276943,23,periclinal
482,52,53,-55.05187117022183,-169.64695335497868,-36.55503880874494,-169.30219342570558,4,Ablation,Gnd,0.04433275569904445,13.299826709713335,0.2991475635193244,18.500045049064372,20,anticlinal
477,55,52,-120.69863887482472,-216.33332575688405,-55.05187117022183,-169.64695335497868,4,Ablation,L1,0.03748376684963668,11.245130054891005,0.2138830249882128,80.55504626099774,21,anticlinal
472,51,56,15.58819114409016,-158.10155680430364,61.425026930887384,-208.82566345435237,4,Ablation,Vasc,0.009807061424787263,2.942118427436179,0.3008959780577112,68.36629659701725,22,periclinal
483,53,51,-36.55503880874494,-169.30219342570558,15.58819114409016,-158.10155680430364,4,Ablation,Gnd,0.04240048467924687,12.72014540377406,0.2887535734149973,53.33264188692446,20,anticlinal
494,49,50,70.78660948367258,-148.4948259761993,177.98613026510736,-145.37969064965807,4,Ablation,Vasc,0.04092917121616785,12.278751364850354,0.5562562187995711,107.24477294428821,18,anticlinal
498,51,49,15.58819114409016,-158.10155680430364,70.78660948367258,-148.4948259761993,4,Ablation,Vasc,0.03985126795960713,11.95538038788214,0.322130477362767,56.02815956637518,19,anticlinal
487,48,52,-82.85611606568489,-118.34560246978174,-55.05187117022183,-169.64695335497868,4,Ablation,Gnd,0.021039749161374046,6.311924748412213,0.3769975462635696,58.35156070623116,20,periclinal
488,47,48,-160.61953778297038,-154.91911666331498,-82.85611606568489,-118.34560246978174,4,Ablation,L1,0.021462686366854836,6.438805910056451,0.38089589228624204,85.93469437686367,17,anticlinal
502,42,51,-45.6908053936412,-57.08498232901775,15.58819114409016,-158.10155680430364,4,Ablation,Vasc,0.010861569926068071,3.258470977820421,0.38795338583157796,118.15017450428194,19,periclinal
514,41,42,-87.66436515538305,-63.58109733084825,-45.6908053936412,-57.08498232901775,4,Ablation,Gnd,0.042798490288625514,12.839547086587654,0.4630688017476335,42.47327664767015,15,anticlinal
489,48,41,-82.85611606568489,-118.34560246978174,-87.66436515538305,-63.58109733084825,4,Ablation,L1,0.025892944741127546,7.767883422338263,0.3680390004175229,54.9751787848012,17,periclinal
513,40,41,-97.25075195641,-45.2003107305909,-87.66436515538305,-63.58109733084825,4,Ablation,Gnd,0.03292553876570876,9.877661629712627,0.5128582277518743,20.730463765750727,15,periclinal
515,45,40,-187.7280693057976,-48.536326201749944,-97.25075195641,-45.2003107305909,4,Ablation,L1,0.0367769821649028,11.03309464947084,0.43947476562913323,90.53879805898467,16,anticlinal
504,38,39,27.600302561340754,-47.05130709165746,172.26453026510706,-35.239480649657935,4,Ablation,Vasc,0.02910578928262684,8.731736784788051,0.6261133399841066,145.1456441682735,14,anticlinal
499,49,38,70.78660948367258,-148.4948259761993,27.600302561340754,-47.05130709165746,4,Ablation,Vasc,0.003443811252991862,1.0331433758975586,0.37559568261318965,110.2535470144532,19,periclinal
503,37,38,-33.018400585111976,-50.214528934119016,27.600302561340754,-47.05130709165746,4,Ablation,Vasc,0.03030343404749576,9.091030214248729,0.536988168345794,60.70117909548697,14,anticlinal
508,42,37,-45.6908053936412,-57.08498232901775,-33.018400585111976,-50.214528934119016,4,Ablation,Gnd,0.04014191578099698,12.042574734299095,0.5615276777451738,14.415025961915923,15,anticlinal
522,35,36,-9.400927678216817,35.32476786254051,169.40383026510733,26.267319350341722,4,Ablation,Vasc,0.025385519230246196,7.615655769073859,0.7198035650514715,179.03401586492404,13,anticlinal
509,37,35,-33.018400585111976,-50.214528934119016,-9.400927678216817,35.32476786254051,4,Ablation,Gnd,0.01908619213679943,5.72585764103983,0.5667282836563751,88.73982377137636,15,periclinal
521,34,35,-34.46064588536865,73.92127638546822,-9.400927678216817,35.32476786254051,4,Ablation,Vasc,0.027427015934818354,8.228104780445506,0.4702751106076949,46.018256668221234,13,periclinal
527,33,34,-94.04224434426249,73.59283354119725,-34.46064588536865,73.92127638546822,4,Ablation,Gnd,0.04104123729003405,12.312371187010214,0.42417894289072494,59.582503720629376,12,anticlinal
516,40,33,-97.25075195641,-45.2003107305909,-94.04224434426249,73.59283354119725,4,Ablation,L1,0.018156206657569892,5.446861997270967,0.43686191706684624,118.83646598193285,16,periclinal
533,32,33,-190.64203874857708,73.35937798734153,-94.04224434426249,73.59283354119725,4,Ablation,L1,0.03886138642771086,11.658415928313257,0.3581073963048575,96.60007650334174,11,anticlinal
539,28,29,86.8536231981924,109.78679848459615,167.25823026510727,100.64771935034196,4,Ablation,Vasc,0.02958815123382177,8.87644537014653,0.7686175380857988,80.92233069435864,10,anticlinal
543,27,28,3.770418630068548,120.59382796563705,86.8536231981924,109.78679848459615,4,Ablation,Vasc,0.029667751040734713,8.900325312220414,0.6691182071154249,83.78311743730238,9,anticlinal
528,34,27,-34.46064588536865,73.92127638546822,3.770418630068548,120.59382796563705,4,Ablation,Gnd,0.028899574953959332,8.6698724861878,0.6078274763275285,60.331926581098344,12,periclinal
547,26,27,-0.07441799951652683,156.26655118992198,3.770418630068548,120.59382796563705,4,Ablation,Vasc,0.02360578638028181,7.081735914084543,0.5324279819494085,35.879324839587454,9,periclinal
548,25,26,-77.2114186265344,180.8895104430128,-0.07441799951652683,156.26655118992198,4,Ablation,Gnd,0.021249527838453915,6.374858351536174,0.5418672751487038,80.97164311110356,8,anticlinal
553,24,25,-101.72556308644437,169.40297666218407,-77.2114186265344,180.8895104430128,4,Ablation,L1,0.026038190238194828,7.811457071458448,0.5801476707687178,27.071825518414048,7,anticlinal
534,33,24,-94.04224434426249,73.59283354119725,-101.72556308644437,169.40297666218407,4,Ablation,L1,0.018337214109362465,5.50116423280874,0.3722712570813044,96.11772423313997,11,periclinal
558,23,24,-172.85647003872577,202.35325875717126,-101.72556308644437,169.40297666218407,4,Ablation,L1,0.029660750318309597,8.89822509549288,0.4499044552873612,78.39213617444895,7,anticlinal
570,20,21,89.71638065471791,230.6223265716012,158.67583026510727,226.5222193503414,4,Ablation,Vasc,0.03731104685936687,11.193314057810062,0.3555371272585146,69.08123167542438,6,anticlinal
544,28,20,86.8536231981924,109.78679848459615,89.71638065471791,230.6223265716012,4,Ablation,Vasc,9.614909083907006e-05,0.02884472725172102,0.5198525990392256,120.86943463225218,9,periclinal
569,19,20,55.17606584457474,236.70765844556854,89.71638065471791,230.6223265716012,4,Ablation,Vasc,0.037139858528167535,11.14195755845026,0.33812703462228655,35.072276960586954,6,anticlinal
549,26,19,-0.07441799951652683,156.26655118992198,55.17606584457474,236.70765844556854,4,Ablation,Gnd,0.019981593860723675,5.9944781582171025,0.5636518341031173,97.58784607480905,8,periclinal
559,18,19,-14.78392237579601,250.9940318459603,55.17606584457474,236.70765844556854,4,Ablation,Gnd,0.027511897082246765,8.25356912467403,0.3342200843865603,71.40378433059298,5,anticlinal
563,17,18,-48.01518178261472,250.02451708173294,-14.78392237579601,250.9940318459603,4,Ablation,L1,0.03069694517088362,9.209083551265087,0.5478515544797591,33.2453990898189,4,anticlinal
554,25,17,-77.2114186265344,180.8895104430128,-48.01518178261472,250.02451708173294,4,Ablation,L1,0.014181405240918458,4.254421572275538,0.489050942849514,75.04711446006523,7,periclinal
568,16,17,-118.59548145162307,285.37143915703973,-48.01518178261472,250.02451708173294,4,Ablation,L1,0.028093842751325312,8.428152825397593,0.4128764962290483,78.936579616581,4,anticlinal
574,14,19,65.40621883709935,330.64730089656746,55.17606584457474,236.70765844556854,4,Ablation,Vasc,0.012725604608150646,3.8176813824451936,0.32653965591869716,94.49503930933082,6,periclinal
575,13,14,17.43045469130027,310.5053059517338,65.40621883709935,330.64730089656746,4,Ablation,L1,0.010259954245814556,3.077986273744367,0.4011744139481744,52.032431287909695,3,anticlinal
564,18,13,-14.78392237579601,250.9940318459603,17.43045469130027,310.5053059517338,4,Ablation,L1,0.007494513504186925,2.2483540512560776,0.46227015102282626,67.67095267183377,4,periclinal
581,12,13,-58.457997550338405,348.86372977070755,17.43045469130027,310.5053059517338,4,Ablation,L1,0.006665737638179468,1.9997212914538405,0.30525622967718014,85.03191084238603,3,anticlinal
586,8,9,84.53743940019251,359.9762552011989,143.65673026510729,362.40951935034195,4,Ablation,Flank,0.021066751192287975,6.320025357686393,0.2505332086882557,59.16934448504479,2,anticlinal
576,14,8,65.40621883709935,330.64730089656746,84.53743940019251,359.9762552011989,4,Ablation,L1,0.019585548671810057,5.875664601543017,0.30500192528710923,35.01701244876379,3,anticlinal
585,7,8,7.422138468072831,469.1885932583559,84.53743940019251,359.9762552011989,4,Ablation,Flank,0.017009795769841508,5.102938730952452,0.17737989541827873,133.6940702565455,2,anticlinal
589,1,2,19.977608250584012,506.2250229629267,137.9351302651072,493.29041935034184,4,Ablation,Flank,0.011757557202187501,3.5272671606562502,0.08192430634115326,118.66457335878059,1,anticlinal
597,102,103,106.31889636471874,456.87831888902383,126.38978327396921,628.3201729337936,5,Wild Type,Flank,0.0008210741339437408,0.24632224018312227,0.14277644845209614,172.6127162744161,47,periclinal
614,101,102,165.27408327396938,447.5721729337938,106.31889636471874,456.87831888902383,5,Wild Type,Flank,0.00666337881850853,1.9990136455525591,0.2360680590188992,59.685160769195576,46,anticlinal
603,98,99,82.44001313354579,457.9031946740672,47.828595832525934,507.1087829555777,5,Wild Type,L1,0.010521481819419972,3.1564445458259915,0.18237771292544555,60.15928960447303,45,anticlinal
608,102,98,106.31889636471874,456.87831888902383,82.44001313354579,457.9031946740672,5,Wild Type,Flank,0.006688114831076685,2.0064344493230055,0.2161351738158008,23.900866819903435,46,anticlinal
616,96,97,83.19108925133264,410.4747517567855,-2.2070379189299274,433.9055590633802,5,Wild Type,L1,0.003322229267364067,0.9966687802092201,0.10478721645368569,88.55418033739069,44,anticlinal
609,98,96,82.44001313354579,457.9031946740672,83.19108925133264,410.4747517567855,5,Wild Type,Flank,0.008394713011951972,2.5184139035855915,0.2262926741195567,47.43438955960705,46,periclinal
615,93,96,97.4949194214912,349.65483862707197,83.19108925133264,410.4747517567855,5,Wild Type,L1,0.009828336274596276,2.948500882378883,0.20096843816074905,62.47928769314388,44,periclinal
635,94,93,127.30981141557913,345.51935861735114,97.4949194214912,349.65483862707197,5,Wild Type,Vasc,0.011258058246033984,3.3774174738101954,0.1538410157841669,30.100331884049535,42,anticlinal
625,95,94,172.7806832739691,340.71747293379394,127.30981141557913,345.51935861735114,5,Wild Type,Vasc,0.011313117740874809,3.3939353222624424,0.15250384377746506,45.7237169713932,43,anticlinal
620,90,91,22.89559893691444,357.437341952603,-31.178512844628585,396.1342150387793,5,Wild Type,L1,0.007113431192711138,2.134029357813341,0.06751120181328414,66.49404147448436,40,anticlinal
630,93,90,97.4949194214912,349.65483862707197,22.89559893691444,357.437341952603,5,Wild Type,Gnd,0.007503868542460621,2.2511605627381863,0.12987260543008539,75.00417304905439,41,anticlinal
640,87,88,1.463972123673102,307.17258897428337,-68.44420206328209,356.65232357747277,5,Wild Type,L1,0.001280791158284537,0.3842373474853611,0.0593746217608379,85.64693196230515,39,anticlinal
631,90,87,22.89559893691444,357.437341952603,1.463972123673102,307.17258897428337,5,Wild Type,Gnd,0.0044667193677643035,1.340015810329291,0.13035729678098937,54.64302352390043,41,periclinal
638,85,94,113.91672569047228,242.13580186303352,127.30981141557913,345.51935861735114,5,Wild Type,Vasc,0.00018274423917307326,0.054823271751921976,0.17294725262632785,104.24746784652984,42,periclinal
658,84,85,131.61244661406113,236.63160142286188,113.91672569047228,242.13580186303352,5,Wild Type,Vasc,0.01164990192478524,3.494970577435572,0.2722837490908063,18.53199291741517,37,anticlinal
645,86,84,175.81328327396932,231.54617293379374,131.61244661406113,236.63160142286188,5,Wild Type,Vasc,0.011838698092952961,3.5516094278858885,0.28848611269331065,44.49242120129348,38,anticlinal
639,83,87,-9.455141394000066,264.1766166312318,1.463972123673102,307.17258897428337,5,Wild Type,L1,0.005219407977906104,1.5658223933718312,0.13233883199324675,44.36080113947772,39,periclinal
649,82,83,84.66195814867683,250.28012783122836,-9.455141394000066,264.1766166312318,5,Wild Type,Gnd,0.007879257044484523,2.363777113345357,0.1683839427863154,95.13748381839186,36,anticlinal
636,93,82,97.4949194214912,349.65483862707197,84.66195814867683,250.28012783122836,5,Wild Type,Vasc,0.00905145006995024,2.715435020985072,0.15018925712597161,100.19989042302946,42,periclinal
654,85,82,113.91672569047228,242.13580186303352,84.66195814867683,250.28012783122836,5,Wild Type,Vasc,0.011701283996734233,3.51038519902027,0.23326363876417278,30.36727629209938,37,anticlinal
660,79,80,-39.05620045274054,264.0714046800915,-99.92574945308104,309.26614236517275,5,Wild Type,L1,0.007345217385914518,2.2035652157743555,0.06703849597699031,75.81336498222562,35,anticlinal
650,83,79,-9.455141394000066,264.1766166312318,-39.05620045274054,264.0714046800915,5,Wild Type,Gnd,0.009048085133753301,2.7144255401259905,0.14377427404250948,29.60124603718067,36,anticlinal
657,77,84,105.90203857011556,158.23565641133405,131.61244661406113,236.63160142286188,5,Wild Type,Vasc,0.00016358682151902435,0.0490760464557073,0.21606778636441148,82.50423792773724,37,periclinal
665,78,77,182.56628327396925,159.06097293379412,105.90203857011556,158.23565641133405,5,Wild Type,Vasc,0.010270705643896415,3.0812116931689246,0.18033256164294034,76.66868698089594,34,anticlinal
659,76,79,-51.791492078122474,224.8507439253267,-39.05620045274054,264.0714046800915,5,Wild Type,L1,0.009677999133624233,2.90339974008727,0.15463155594504424,41.236487275516964,35,periclinal
670,75,76,45.58519386820467,183.30561175287062,-51.791492078122474,224.8507439253267,5,Wild Type,Gnd,0.006103383630212801,1.8310150890638401,0.14572906198551272,105.8688668736776,32,anticlinal
655,82,75,84.66195814867683,250.28012783122836,45.58519386820467,183.30561175287062,5,Wild Type,Vasc,0.01006279679206,3.018839037618,0.2580710761277044,77.54082350969574,37,periclinal
675,77,75,105.90203857011556,158.23565641133405,45.58519386820467,183.30561175287062,5,Wild Type,Vasc,0.009403645892870986,2.8210937678612957,0.16265434616461177,65.31940305622116,33,anticlinal
682,71,72,-80.70526294131537,206.15368170268061,-143.51399124454178,264.3334990643982,5,Wild Type,L1,0.006497729979706429,1.9493189939119286,0.075738861818871,85.61441175007472,31,anticlinal
671,76,71,-51.791492078122474,224.8507439253267,-80.70526294131537,206.15368170268061,5,Wild Type,Gnd,0.0115051490530465,3.45154471591395,0.14225591117400183,34.432343534629204,32,anticlinal
680,68,77,84.83197693714851,97.28971058243519,105.90203857011556,158.23565641133405,5,Wild Type,Vasc,0.003549328639630248,1.0647985918890743,0.24197450583005634,64.4853146863385,33,periclinal
695,70,68,147.86279286069976,94.53634996885057,84.83197693714851,97.28971058243519,5,Wild Type,Vasc,0.020011286184322026,6.0033858552966075,0.34337747751157216,63.09092447140904,30,anticlinal
694,69,70,184.4352832739694,92.94437293379383,147.86279286069976,94.53634996885057,5,Wild Type,Vasc,0.020008164933619663,6.0024494800858985,0.36555316058433796,36.607122884881946,30,anticlinal
681,66,71,-105.12943556265225,144.18920134763812,-80.70526294131537,206.15368170268061,5,Wild Type,L1,0.012588909029231312,3.776672708769394,0.1076607713525192,66.60433194550718,31,periclinal
688,65,66,-14.880549787297014,123.16564143588357,-105.12943556265225,144.18920134763812,5,Wild Type,Gnd,0.02199929901194784,6.599789703584351,0.17424631719850192,92.66526563419677,27,anticlinal
676,75,65,45.58519386820467,183.30561175287062,-14.880549787297014,123.16564143588357,5,Wild Type,Vasc,0.011579401141293083,3.473820342387925,0.2150795822643798,85.2814293122537,33,periclinal
693,64,65,-0.5638708702360873,107.93880683402881,-14.880549787297014,123.16564143588357,5,Wild Type,Gnd,0.018153489507411955,5.446046852223587,0.1794502981724375,20.900329834872423,27,anticlinal
704,67,64,60.243869657801724,96.15572166442917,-0.5638708702360873,107.93880683402881,5,Wild Type,Vasc,0.020423546391410502,6.1270639174231505,0.18765553308475857,61.9388602110114,28,anticlinal
700,68,67,84.83197693714851,97.28971058243519,60.243869657801724,96.15572166442917,5,Wild Type,Vasc,0.022186636603661672,6.655990981098501,0.3531809811335608,24.614242837162937,29,anticlinal
711,59,60,-138.44101824921404,134.4654325260492,-217.29597685579188,145.55644166982415,5,Wild Type,L1,0.02737444756459976,8.212334269379928,0.0998087134148134,79.63111816791476,25,anticlinal
689,66,59,-105.12943556265225,144.18920134763812,-138.44101824921404,134.4654325260492,5,Wild Type,Gnd,0.02743081886213776,8.229245658641329,0.1895044968793478,34.701775475893854,27,anticlinal
710,58,59,-135.2717791584763,57.696370795064695,-138.44101824921404,134.4654325260492,5,Wild Type,L1,0.010644795519480804,3.193438655844241,0.2168156653719061,76.83445135790305,25,periclinal
717,63,58,-39.02248889258408,44.6415464131278,-135.2717791584763,57.696370795064695,5,Wild Type,Gnd,0.0037902141371576226,1.1370642411472869,0.16649691560510455,97.13060442688077,26,anticlinal
705,64,63,-0.5638708702360873,107.93880683402881,-39.02248889258408,44.6415464131278,5,Wild Type,Vasc,0.011865124358406599,3.5595373075219796,0.17497420737556996,74.06489368776703,28,periclinal
699,57,68,114.07065421594984,5.812101491083695,84.83197693714851,97.28971058243519,5,Wild Type,Vasc,0.002657819039688431,0.7973457119065293,0.299452169412053,96.03672846408298,29,periclinal
727,56,57,185.57968327396907,1.013972933793866,114.07065421594984,5.812101491083695,5,Wild Type,Vasc,0.029716940342959134,8.915082102887741,0.31097077627225633,71.66982122534503,24,anticlinal
709,55,67,4.912595377148136,3.7359011579981143,60.243869657801724,96.15572166442917,5,Wild Type,Vasc,0.0035848400474189765,1.075452014225693,0.17708511562311455,107.71709769559264,28,periclinal
733,54,55,50.44349360203569,3.8507594608649924,4.912595377148136,3.7359011579981143,5,Wild Type,Vasc,0.028855406658053757,8.656621997416128,0.22983233951651935,45.53104309803154,23,anticlinal
728,57,54,114.07065421594984,5.812101491083695,50.44349360203569,3.8507594608649924,5,Wild Type,Vasc,0.02887600573142436,8.662801719427307,0.32667472777834106,63.65738315661689,24,anticlinal
720,53,63,-57.236113513245755,10.157393204766322,-39.02248889258408,44.6415464131278,5,Wild Type,Gnd,0.010119774005191508,3.0359322015574524,0.1799213558489507,38.99862746713171,26,periclinal
748,52,53,-36.71240734465414,0.7464433717530028,-57.236113513245755,10.157393204766322,5,Wild Type,Gnd,0.03288360163310457,9.86508048993137,0.18319573031048045,22.578496222161895,22,anticlinal
734,55,52,4.912595377148136,3.7359011579981143,-36.71240734465414,0.7464433717530028,5,Wild Type,Vasc,0.030988708960880493,9.296612688264148,0.1536218605485218,41.73221428879359,23,anticlinal
721,48,49,-149.25905284845783,9.062642345039421,-256.4529192014204,28.672861091998357,5,Wild Type,L1,0.03364716044767057,10.094148134301172,0.18980182513142135,108.97286663660996,21,anticlinal
718,58,48,-135.2717791584763,57.696370795064695,-149.25905284845783,9.062642345039421,5,Wild Type,Gnd,0.011022978571462344,3.306893571438703,0.23635814135639,50.605171358560256,26,periclinal
749,53,48,-57.236113513245755,10.157393204766322,-149.25905284845783,9.062642345039421,5,Wild Type,Gnd,0.03529653335581996,10.588960006745989,0.17131653331117014,92.02945095640305,22,anticlinal
738,45,46,-160.8005924036513,-50.974057130985784,-267.930882634299,-66.8171405282884,5,Wild Type,L1,0.013231025363599012,3.9693076090797037,0.09376598531381647,108.29544023843613,20,anticlinal
743,48,45,-149.25905284845783,9.062642345039421,-160.8005924036513,-50.974057130985784,5,Wild Type,Gnd,0.017866884794077015,5.3600654382231046,0.17637098128329876,61.13601572950809,22,periclinal
737,43,54,51.30132604700407,-86.31445051495041,50.44349360203569,3.8507594608649924,5,Wild Type,Vasc,0.0011974110534699995,0.35922331604099983,0.31063503116789243,90.16929059544897,23,periclinal
771,42,43,79.79734995474064,-83.01333436032223,51.30132604700407,-86.31445051495041,5,Wild Type,Vasc,0.029772888126945746,8.931866438083723,0.5920208406536538,28.68659523918169,18,anticlinal
772,44,42,189.77568327396898,-71.46222706620608,79.79734995474064,-83.01333436032223,5,Wild Type,Vasc,0.029463083796119394,8.838925138835819,0.48147359087274155,110.583280288638,19,anticlinal
747,41,52,-27.093559072098287,-93.41633980661618,-36.71240734465414,0.7464433717530028,5,Wild Type,Gnd,0.011658631628664443,3.4975894885993326,0.19903450917403456,94.65279698977213,22,periclinal
767,43,41,51.30132604700407,-86.31445051495041,-27.093559072098287,-93.41633980661618,5,Wild Type,Vasc,0.029868417784613216,8.960525335383965,0.3899140901461505,78.71591226904718,18,anticlinal
751,37,38,-146.70971725758307,-101.4654120060527,-261.7902232332923,-117.47326945531006,5,Wild Type,L1,0.029822261975203445,8.946678592561033,0.1526748223816278,116.18852936387908,16,anticlinal
744,45,37,-160.8005924036513,-50.974057130985784,-146.70971725758307,-101.4654120060527,5,Wild Type,Gnd,0.01639666964952223,4.919000894856669,0.1794919617952964,52.42069896044908,22,periclinal
750,36,37,-109.32686764969185,-112.65145645665814,-146.70971725758307,-101.4654120060527,5,Wild Type,L1,0.038379837029917985,11.513951108975395,0.18857621283492954,39.02057194938502,16,anticlinal
766,41,36,-27.093559072098287,-93.41633980661618,-109.32686764969185,-112.65145645665814,5,Wild Type,Gnd,0.035317044967788154,10.595113490336447,0.23251911075077947,84.45298545438429,17,anticlinal
757,33,34,-95.90191336554858,-178.45010935086032,-206.73626783057864,-248.4345571357543,5,Wild Type,L1,0.016687029220516722,5.006108766155017,0.10308157997568708,131.0804221134357,15,anticlinal
762,36,33,-109.32686764969185,-112.65145645665814,-95.90191336554858,-178.45010935086032,5,Wild Type,Gnd,0.018549192434595053,5.564757730378516,0.13543211151948678,67.15424126757027,17,periclinal
780,30,31,-57.9523983175809,-209.80097053425322,-136.7066990988327,-278.00508282120495,5,Wild Type,L1,0.007037689263482245,2.1113067790446736,0.14623450772313837,104.18272805218241,14,anticlinal
763,33,30,-95.90191336554858,-178.45010935086032,-57.9523983175809,-209.80097053425322,5,Wild Type,Gnd,0.01874324046840651,5.622972140521953,0.2008910238036853,49.22440643945133,17,periclinal
785,29,30,46.24583122446347,-183.5028943809225,-57.9523983175809,-209.80097053425322,5,Wild Type,Gnd,0.01476230400859234,4.428691202577702,0.1695280906339893,107.46562170788829,13,anticlinal
768,41,29,-27.093559072098287,-93.41633980661618,46.24583122446347,-183.5028943809225,5,Wild Type,Vasc,0.008823865465934923,2.647159639780477,0.23954996542112147,116.16476868715785,18,periclinal
776,28,29,98.13400865235167,-177.76818888978755,46.24583122446347,-183.5028943809225,5,Wild Type,Vasc,0.01645118685403013,4.93535605620904,0.24713420532651484,52.204116732859866,12,anticlinal
773,42,28,79.79734995474064,-83.01333436032223,98.13400865235167,-177.76818888978755,5,Wild Type,Vasc,0.0013346952306518575,0.4004085691955573,0.40124694950809625,96.51277381306998,19,periclinal
794,27,28,195.635183273969,-171.89460706620605,98.13400865235167,-177.76818888978755,5,Wild Type,Vasc,0.01654920781323498,4.964762343970493,0.2957709918648286,97.67793003556855,11,anticlinal
788,25,29,77.46067980012776,-222.75371084603535,46.24583122446347,-183.5028943809225,5,Wild Type,Gnd,0.0058839762557218265,1.765192876716548,0.22294771945394043,50.149709518397266,13,periclinal
804,26,25,115.76886320936296,-200.00653567402549,77.46067980012776,-222.75371084603535,5,Wild Type,Vasc,0.0001247489005194852,0.03742467015584556,0.2063931368527841,44.55278772895928,10,anticlinal
795,28,26,98.13400865235167,-177.76818888978755,115.76886320936296,-200.00653567402549,5,Wild Type,Vasc,0.0008788334590386509,0.2636500377115953,0.2611543520145816,28.381898508432585,11,periclinal
789,22,23,-4.823077828291844,-270.2113963973171,-92.82994144114582,-313.37677024342395,5,Wild Type,L1,-0.0010161686813318278,-0.3048506043995483,0.1599171384061545,98.0227399241913,8,anticlinal
786,30,22,-57.9523983175809,-209.80097053425322,-4.823077828291844,-270.2113963973171,5,Wild Type,Gnd,0.010839291928804453,3.251787578641336,0.159428781031467,80.44963796444536,13,periclinal
799,25,22,77.46067980012776,-222.75371084603535,-4.823077828291844,-270.2113963973171,5,Wild Type,Gnd,-0.0008817860086658695,-0.26453580259976084,0.15869992677923805,94.98867662693718,9,anticlinal
809,19,20,33.481730401190816,-313.47242237418686,-33.093739101495885,-375.22235144799856,5,Wild Type,L1,0.00690744585190072,2.072233755570216,0.15904993567773051,90.80389242826512,7,anticlinal
800,22,19,-4.823077828291844,-270.2113963973171,33.481730401190816,-313.47242237418686,5,Wild Type,Gnd,0.010322198969629059,3.0966596908887176,0.25080388674307286,57.78213133892554,9,periclinal
807,17,26,150.77047458127026,-287.5722290425191,115.76886320936296,-200.00653567402549,5,Wild Type,Vasc,0.0016693570241480531,0.5008071072444159,0.24357419764124294,94.30198011566394,10,periclinal
814,18,17,201.45108327396906,-287.3910670662061,150.77047458127026,-287.5722290425191,5,Wild Type,Flank,0.012655796737952052,3.7967390213856156,0.27518620282727857,50.68093248080701,6,anticlinal
808,16,19,44.885205502624785,-314.65002924550174,33.481730401190816,-313.47242237418686,5,Wild Type,L1,0.012055972557425555,3.6167917672276664,0.2255984406693213,11.46411803552251,7,anticlinal
827,15,16,111.41634100126839,-292.78510336956333,44.885205502624785,-314.65002924550174,5,Wild Type,Gnd,0.010186800276732806,3.056040083019842,0.23769714736596836,70.03189969077775,4,anticlinal
805,25,15,77.46067980012776,-222.75371084603535,111.41634100126839,-292.78510336956333,5,Wild Type,Vasc,0.005200429755227254,1.5601289265681764,0.21128568012809715,77.82919032336838,10,periclinal
828,17,15,150.77047458127026,-287.5722290425191,111.41634100126839,-292.78510336956333,5,Wild Type,Flank,0.011964208960727649,3.5892626882182945,0.2990659205415737,39.69788267127339,5,anticlinal
818,12,13,68.6444009418608,-374.15072822903073,14.511767495573622,-417.5201969742975,5,Wild Type,L1,0.0010444977263931606,0.3133493179179482,0.0882352522940131,69.36319501779572,3,anticlinal
823,16,12,44.885205502624785,-314.65002924550174,68.6444009418608,-374.15072822903073,5,Wild Type,Gnd,0.006056313939497511,1.8168941818492532,0.17155381438015163,64.06896711707113,4,periclinal
832,11,17,151.0179023571045,-422.0562660023297,150.77047458127026,-287.5722290425191,5,Wild Type,Flank,0.00038905748224349736,0.11671724467304921,0.20990985201370574,134.4842645721497,5,periclinal
833,10,11,198.37878327396902,-410.8528370662061,151.0179023571045,-422.0562660023297,5,Wild Type,Flank,0.017356542403125907,5.2069627209377725,0.1799139743795896,48.66795517738744,2,anticlinal
844,5,6,100.41757331430449,-439.4724640664962,68.8625895088378,-461.48818531527354,5,Wild Type,Flank,0.012110704215807176,3.633211264742153,0.12067242987941162,38.47608328646684,1,anticlinal
824,12,5,68.6444009418608,-374.15072822903073,100.41757331430449,-439.4724640664962,5,Wild Type,Gnd,0.0051799640475719,1.5539892142715699,0.1740921786829985,72.63927075231851,4,periclinal
843,4,5,124.69722284435852,-427.9767669812977,100.41757331430449,-439.4724640664962,5,Wild Type,Flank,0.011932718648881046,3.5798155946643138,0.17324581366262648,26.863589350213296,1,anticlinal
829,15,4,111.41634100126839,-292.78510336956333,124.69722284435852,-427.9767669812977,5,Wild Type,Flank,0.002619957107265113,0.7859871321795339,0.20452397217359017,135.8424371565766,5,periclinal
842,3,4,134.19687226610904,-429.0796094825836,124.69722284435852,-427.9767669812977,5,Wild Type,Flank,0.011938260756858844,3.5814782270576533,0.16555449223584925,9.563451297455716,1,anticlinal
834,11,3,151.0179023571045,-422.0562660023297,134.19687226610904,-429.0796094825836,5,Wild Type,Flank,0.01727803209478296,5.183409628434888,0.15749027617202122,18.22839562231957,2,anticlinal
841,2,3,168.21108327396905,-647.6843370662061,134.19687226610904,-429.0796094825836,5,Wild Type,Flank,0.0029741183368603634,0.892235501058109,0.07947329303095335,221.23515424180908,1,periclinal
945,42,106,74.66890374362129,194.11409943187618,101.41446265649506,181.30773942761357,5,Ablation,Vasc,0.01809430383808723,5.428291151426169,0.7445989207137009,29.653461486321945,55,anticlinal
851,26,42,-19.334380901863938,114.42145770145316,74.66890374362129,194.11409943187618,5,Ablation,Vasc,0.0024712918547766857,0.7413875564330057,0.33337457827140454,123.23771610231049,12,periclinal
872,28,26,37.18178729172439,104.99118649248862,-19.334380901863938,114.42145770145316,5,Ablation,Vasc,0.02472211913732012,7.416635741196036,0.3721740028515464,57.29753295178241,7,anticlinal
959,105,28,91.64356936519687,121.4699543502104,37.18178729172439,104.99118649248862,5,Ablation,Vasc,0.02460140847395886,7.380422542187658,0.420837374424773,56.90022404812737,47,anticlinal
961,106,105,101.41446265649506,181.30773942761357,91.64356936519687,121.4699543502104,5,Ablation,Vasc,0.008336639580790874,2.500991874237262,0.550804033123246,60.630280212773464,49,periclinal
944,43,42,46.4284102357434,213.09192852806086,74.66890374362129,194.11409943187618,5,Ablation,Vasc,0.016640281120103455,4.992084336031036,0.524078029004408,34.02474791636944,55,anticlinal
934,30,43,-10.106265880033675,181.20054836835925,46.4284102357434,213.09192852806086,5,Ablation,Gnd,0.030141988143299377,9.042596442989813,0.641804491553292,64.90939633062708,54,anticlinal
856,27,30,-44.840746687490196,124.18491257249138,-10.106265880033675,181.20054836835925,5,Ablation,Gnd,0.022234884758722408,6.670465427616723,0.4656685372315079,66.7627656869502,8,periclinal
862,26,27,-19.334380901863938,114.42145770145316,-44.840746687490196,124.18491257249138,5,Ablation,Vasc,0.025962879291629777,7.788863787488933,0.2903860852772235,27.311165237114395,6,anticlinal
933,31,30,-59.35328865362692,207.86030205952943,-10.106265880033675,181.20054836835925,5,Ablation,Gnd,0.022249493977678222,6.6748481933034665,0.5305105033922423,56.00010463326541,54,anticlinal
1131,32,31,-132.87304844081484,153.13420421337332,-59.35328865362692,207.86030205952943,5,Ablation,Gnd,0.002715199171903416,0.8145597515710249,0.29924072583203865,91.65206415914956,11,anticlinal
1146,29,32,-136.84008809425404,105.65469378026887,-132.87304844081484,153.13420421337332,5,Ablation,Gnd,0.029219981113932914,8.765994334179874,0.288773763660358,47.64495056749701,10,periclinal
982,23,29,-79.0079005734915,102.95678469776408,-136.84008809425404,105.65469378026887,5,Ablation,Gnd,0.042965163304221066,12.88954899126632,0.29439651807904765,57.895082924667314,44,anticlinal
863,27,23,-44.840746687490196,124.18491257249138,-79.0079005734915,102.95678469776408,5,Ablation,Vasc,0.038355401176484005,11.506620352945202,0.4142314497879449,40.22471650286013,6,anticlinal
981,24,23,-61.35462011873028,47.88774659427622,-79.0079005734915,102.95678469776408,5,Ablation,Gnd,0.021003420111880503,6.301026033564151,0.5327305631389525,57.82938066811585,44,periclinal
1011,25,24,-40.3295148807897,48.193033355465786,-61.35462011873028,47.88774659427622,5,Ablation,Vasc,0.01995552559522495,5.986657678567485,0.4362147992214362,21.02732151922907,45,anticlinal
873,26,25,-19.334380901863938,114.42145770145316,-40.3295148807897,48.193033355465786,5,Ablation,Vasc,0.0017323302786988006,0.5196990836096402,0.27021257724736786,69.47661363469881,7,periclinal
956,18,22,91.89381561944901,38.100396674720514,136.62219867412523,45.18094640640447,5,Ablation,Vasc,0.01989105565491651,5.9673166964749536,0.94082175636439,45.28534459611295,47,anticlinal
928,17,18,94.92566313990199,-11.18420561012067,91.89381561944901,38.100396674720514,5,Ablation,Vasc,0.006112740891824326,1.833822267547298,0.7127900305310954,49.37776950979306,4,periclinal
1017,20,17,161.915170113489,-17.234129099505253,94.92566313990199,-11.18420561012067,5,Ablation,Vasc,0.022396051282867806,6.718815384860342,0.7317948487973355,67.2621410512011,33,anticlinal
996,21,20,160.6879191879218,44.59188727988203,161.915170113489,-17.234129099505253,5,Ablation,Vasc,0.002455092035190242,0.7365276105570726,0.4147725253187403,61.8381956898693,34,periclinal
987,22,21,136.62219867412523,45.18094640640447,160.6879191879218,44.59188727988203,5,Ablation,Vasc,0.020385243508170073,6.115573052451022,0.8428115521696873,24.07292866484485,48,anticlinal
1010,15,25,18.013700689073858,43.60374885151259,-40.3295148807897,48.193033355465786,5,Ablation,Vasc,0.019586791328663367,5.87603739859901,0.7298700922240274,58.52343406952291,45,anticlinal
930,19,15,36.84224324653803,51.21432109107013,18.013700689073858,43.60374885151259,5,Ablation,Vasc,0.02022998880908279,6.068996642724837,0.9121316968176224,20.308491442048656,4,anticlinal
960,28,19,37.18178729172439,104.99118649248862,36.84224324653803,51.21432109107013,5,Ablation,Vasc,0.009195455080842142,2.7586365242526427,0.4675244078028807,53.77793732155318,47,periclinal
889,138,139,149.17484921390292,505.1672462033407,80.22095073598507,519.8488807167246,5,Ablation,Flank,0.009140390814080152,2.742117244224046,0.03962493935104039,70.49957806460678,64,anticlinal
905,137,138,202.28908739528742,504.97124744392386,149.17484921390292,505.1672462033407,5,Ablation,Flank,0.011295115929174659,3.3885347787523976,0.049991930260193704,53.11459981118691,63,anticlinal
922,127,128,48.55292542121174,374.01135040928784,4.484392677746314,358.09708329547675,5,Ablation,Gnd,0.017507498827862573,5.252249648358772,0.34966186073345995,46.85402304959109,58,anticlinal
893,131,127,-3.481690607658493,459.4489591563083,48.55292542121174,374.01135040928784,5,Ablation,L1,0.00883240712211723,2.649722136635169,0.16778997432058934,100.03592481544273,61,anticlinal
916,128,129,4.484392677746314,358.09708329547675,-55.12320295697157,420.30966687842147,5,Ablation,L1,0.011678133528701671,3.5034400586105012,0.26817709018151503,86.15956716126725,59,anticlinal
897,133,134,111.06801983366927,445.84118608908284,60.35435107431874,488.421045022362,5,Ablation,L1,0.004963840349741471,1.4891521049224412,0.1130393983362215,66.21873289191723,61,anticlinal
900,138,133,149.17484921390292,505.1672462033407,111.06801983366927,445.84118608908284,5,Ablation,Flank,0.004012843656412741,1.2038530969238224,0.07556516917729954,70.51036699730598,63,periclinal
927,126,127,102.80441133655995,366.1208415788808,48.55292542121174,374.01135040928784,5,Ablation,Gnd,0.020563026459981745,6.168907937994524,0.26360706416409074,54.82229339991129,58,anticlinal
911,125,126,118.09762876528725,378.1013081666231,102.80441133655995,366.1208415788808,5,Ablation,Vasc,0.024076288869528298,7.22288666085849,0.26251572538493373,19.427147988892703,57,anticlinal
901,133,125,111.06801983366927,445.84118608908284,118.09762876528725,378.1013081666231,5,Ablation,Flank,0.006848352192689196,2.0545056578067586,0.2046052038059545,68.10364500290153,63,periclinal
910,124,125,145.4963896285974,378.58366159583807,118.09762876528725,378.1013081666231,5,Ablation,Vasc,0.023722194111606743,7.116658233482023,0.16841194501256385,27.40300643497956,57,anticlinal
906,136,124,203.86458739528734,380.4402474439239,145.4963896285974,378.58366159583807,5,Ablation,Vasc,0.02390820841430135,7.172462524290405,0.17833236824789403,58.39771760559433,62,anticlinal
915,123,124,158.85208227936482,252.29859096083123,145.4963896285974,378.58366159583807,5,Ablation,Vasc,-0.002440749132878611,-0.7322247398635834,0.24248685632263065,126.98934440129386,57,periclinal
954,122,123,216.50338739528752,249.24204744392387,158.85208227936482,252.29859096083123,5,Ablation,Vasc,0.0404934713239118,12.148041397173541,0.3897518497454634,57.732273814911906,56,anticlinal
926,120,126,84.41942868155866,259.4027946356923,102.80441133655995,366.1208415788808,5,Ablation,Gnd,0.01184050534578397,3.552151603735191,0.2931154678927104,108.29011557198227,58,periclinal
948,121,120,138.67171623937497,249.66786111411648,84.41942868155866,259.4027946356923,5,Ablation,Vasc,0.04173026783124439,12.519080349373317,0.3948100604494498,55.11877752568078,55,anticlinal
950,123,121,158.85208227936482,252.29859096083123,138.67171623937497,249.66786111411648,5,Ablation,Vasc,0.04007951555472167,12.0238546664165,0.5591225835491396,20.351115768782098,56,anticlinal
938,116,117,-66.95245794858465,302.4125671021111,-134.09675234260453,363.87664095216974,5,Ablation,L1,0.025938409912448824,7.781522973734647,0.3938383261589354,91.0285045681641,53,anticlinal
1125,115,116,-17.86451035223365,307.2375496692148,-66.95245794858465,302.4125671021111,5,Ablation,Gnd,0.03482628730781611,10.447886192344834,0.5767672621500829,49.32450766094839,52,anticlinal
923,128,115,4.484392677746314,358.09708329547675,-17.86451035223365,307.2375496692148,5,Ablation,Gnd,0.017159445856555145,5.147833756966543,0.4286191270932524,55.55326837661596,58,periclinal
1130,114,115,12.277903717929462,284.5456294301914,-17.86451035223365,307.2375496692148,5,Ablation,Gnd,0.0300001388867043,9.00004166601129,0.4100959222290336,37.72914483673551,52,anticlinal
936,120,114,84.41942868155866,259.4027946356923,12.277903717929462,284.5456294301914,5,Ablation,Gnd,0.032754827722275795,9.826448316682738,0.2799521197449008,76.39739370934986,54,anticlinal
955,19,18,36.84224324653803,51.21432109107013,91.89381561944901,38.100396674720514,5,Ablation,Vasc,0.020823403171467553,6.247020951440266,0.9438781280628633,56.59196616417905,47,anticlinal
1009,16,15,14.856059619703387,-25.05540443634004,18.013700689073858,43.60374885151259,5,Ablation,Vasc,0.005813290524694052,1.7439871574082155,0.8470919060919718,68.73172504257273,45,periclinal
1012,17,16,94.92566313990199,-11.18420561012067,14.856059619703387,-25.05540443634004,5,Ablation,Vasc,0.022015418679034292,6.6046256037102875,0.8443894205589233,81.26223947663705,33,anticlinal
949,120,43,84.41942868155866,259.4027946356923,46.4284102357434,213.09192852806086,5,Ablation,Vasc,0.021589936674485846,6.476981002345754,0.41955795955204017,59.900031737798294,55,periclinal
1129,31,114,-59.35328865362692,207.86030205952943,12.277903717929462,284.5456294301914,5,Ablation,Gnd,0.006007057245566655,1.8021171736699966,0.5802573257508584,104.9364910530008,52,periclinal
1136,111,112,-109.3434908911031,251.52475478483825,-196.57163983075498,298.38899391842847,5,Ablation,L1,0.01663496355756505,4.990489067269515,0.4005658399977135,99.02023468467655,51,anticlinal
1126,116,111,-66.95245794858465,302.4125671021111,-109.3434908911031,251.52475478483825,5,Ablation,Gnd,0.023648444284837894,7.0945332854513685,0.5131538832824019,66.2311793370137,52,periclinal
964,110,106,139.571944503429,187.40631136724392,101.41446265649506,181.30773942761357,5,Ablation,Vasc,0.019211396639272627,5.763418991781788,0.6004612471807038,38.641764977831166,50,anticlinal
951,121,110,138.67171623937497,249.66786111411648,139.571944503429,187.40631136724392,5,Ablation,Vasc,0.0016819638253681166,0.5045891476104349,0.4502541969483405,62.26805752398005,56,periclinal
968,109,110,218.58458739528737,193.8618474439238,139.571944503429,187.40631136724392,5,Ablation,Vasc,0.019589574954513245,5.876872486353974,0.5100313047421883,79.27592120432062,50,anticlinal
986,107,22,126.808252802281,115.76193208369045,136.62219867412523,45.18094640640447,5,Ablation,Vasc,0.0032576948355768297,0.977308450673049,0.5795753561859484,71.26001033365584,48,periclinal
962,105,107,91.64356936519687,121.4699543502104,126.808252802281,115.76193208369045,5,Ablation,Vasc,0.022436206146823345,6.730861844047004,0.5653363737501987,35.624941816449706,49,anticlinal
965,106,107,101.41446265649506,181.30773942761357,126.808252802281,115.76193208369045,5,Ablation,Vasc,0.00011164108527546514,0.033492325582639544,0.5231749544787578,70.29294017420882,50,periclinal
990,108,107,218.2580873952877,118.7583474439241,126.808252802281,115.76193208369045,5,Ablation,Vasc,0.021984049007540387,6.595214702262116,0.660964809463658,91.49891120717956,48,anticlinal
1166,95,100,-207.45827696405718,-45.68957114478394,-202.24479478773833,-22.591830337373494,5,Ablation,L1,0.022331990717436523,6.699597215230957,0.6200946472990252,23.67880965777436,41,periclinal
974,94,95,-183.17113507690328,-80.14892264933769,-207.45827696405718,-45.68957114478394,5,Ablation,L1,0.027945870303848666,8.3837610911546,0.6231100385535272,42.15818031131249,38,periclinal
991,93,94,-140.3670477170192,-67.93324455252196,-183.17113507690328,-80.14892264933769,5,Ablation,Gnd,0.0321008122528767,9.63024367586301,0.343537150170089,44.51306197148891,39,anticlinal
999,99,93,-148.7991803895908,-19.600295533487724,-140.3670477170192,-67.93324455252196,5,Ablation,Gnd,0.015970350240746837,4.791105072224051,0.5152631536070148,49.06296793187721,43,periclinal
1151,100,99,-202.24479478773833,-22.591830337373494,-148.7991803895908,-19.600295533487724,5,Ablation,Gnd,0.013341691911627145,4.002507573488144,0.3226142268315357,53.52927216839713,42,anticlinal
1165,96,95,-264.3851312860677,-49.976634990125376,-207.45827696405718,-45.68957114478394,5,Ablation,L1,0.033686654766713564,10.10599643001407,0.27964649311579637,57.088051809581316,41,anticlinal
1023,89,90,-188.4387632752031,-107.5478610968014,-238.17284273750442,-130.00496390062142,5,Ablation,L1,0.025774162793192164,7.732248837957649,0.11616192069979907,54.56922325179134,35,anticlinal
992,94,89,-183.17113507690328,-80.14892264933769,-188.4387632752031,-107.5478610968014,5,Ablation,Gnd,0.027831188105274636,8.349356431582391,0.38978088111520715,27.90071208559789,39,periclinal
1147,103,29,-130.9481429780202,32.24271697313111,-136.84008809425404,105.65469378026887,5,Ablation,Gnd,0.020665356622485878,6.1996069867457635,0.3719993205685862,73.64803701378906,42,periclinal
1003,104,103,-77.04123546218545,14.940857277734494,-130.9481429780202,32.24271697313111,5,Ablation,Gnd,0.012146933340893243,3.6440800022679727,0.46418293897764473,56.61544865882413,43,anticlinal
1005,24,104,-61.35462011873028,47.88774659427622,-77.04123546218545,14.940857277734494,5,Ablation,Vasc,0.02312242751465336,6.936728254396008,0.6074719662891581,36.490648344061725,45,periclinal
995,88,21,219.33188739528737,46.683947443924126,160.6879191879218,44.59188727988203,5,Ablation,Vasc,0.020391763549782633,6.11752906493479,0.5680693061090403,58.68127233484695,34,anticlinal
1028,92,89,-137.48012719282247,-95.77385749097243,-188.4387632752031,-107.5478610968014,5,Ablation,Gnd,0.008790314591655985,2.6370943774967954,0.3063357719579707,52.30114484680596,36,anticlinal
1019,93,92,-140.3670477170192,-67.93324455252196,-137.48012719282247,-95.77385749097243,5,Ablation,Gnd,0.013854055157110787,4.156216547133236,0.3111179944858982,27.989891727222606,37,periclinal
1032,87,20,222.15388739528726,-15.792752556076039,161.915170113489,-17.234129099505253,5,Ablation,Vasc,0.02259659852242005,6.778979556726015,0.5852080098151815,60.25595925795528,32,anticlinal
1018,85,93,-89.26684328905674,-59.57976433983549,-140.3670477170192,-67.93324455252196,5,Ablation,Gnd,0.0414721705475022,12.44165116425066,0.3728743232811228,51.77848514820899,37,anticlinal
1043,84,85,-80.95874834150732,-47.468906169274305,-89.26684328905674,-59.57976433983549,5,Ablation,Vasc,0.03874661143188103,11.623983429564309,0.5288867830200625,14.686637712047808,30,anticlinal
1006,104,84,-77.04123546218545,14.940857277734494,-80.95874834150732,-47.468906169274305,5,Ablation,Vasc,0.024254310675112148,7.276293202533644,0.5089597480819071,62.53259534571749,45,periclinal
1152,99,103,-148.7991803895908,-19.600295533487724,-130.9481429780202,32.24271697313111,5,Ablation,Gnd,0.018231306098861904,5.469391829658571,0.5240181483441185,54.83026064529267,42,periclinal
1049,83,84,-42.13944274918481,-44.34996756479609,-80.95874834150732,-47.468906169274305,5,Ablation,Vasc,0.03163596352820005,9.490789058460015,0.5699785219183715,38.944399657571125,30,anticlinal
1013,16,83,14.856059619703387,-25.05540443634004,-42.13944274918481,-44.34996756479609,5,Ablation,Vasc,0.023882817601493484,7.164845280448045,0.7669707243188817,60.172813268118986,33,anticlinal
1048,82,83,-23.97803113167629,-65.769499153786,-42.13944274918481,-44.34996756479609,5,Ablation,Vasc,0.012772970372567017,3.831891111770105,0.6347120412336585,28.08261393517901,30,periclinal
1038,86,82,167.90608969674167,-61.47011163989373,-23.97803113167629,-65.769499153786,5,Ablation,Vasc,0.0037806136781128714,1.1341841034338613,0.41711072590296894,191.9322811803411,31,anticlinal
1033,20,86,161.915170113489,-17.234129099505253,167.90608969674167,-61.47011163989373,5,Ablation,Vasc,0.005557735740318686,1.667320722095606,0.5148519121878543,44.639817078103654,32,periclinal
1031,80,92,-116.38274604196931,-169.6535938070358,-137.48012719282247,-95.77385749097243,5,Ablation,Gnd,0.014170706534107236,4.251211960232171,0.29588085267017206,76.83303280201444,36,periclinal
1059,81,80,-48.96189085211279,-135.36330772825966,-116.38274604196931,-169.6535938070358,5,Ablation,Gnd,0.017069328945597876,5.120798683679363,0.28024406512039446,75.63990635832327,29,anticlinal
1044,85,81,-89.26684328905674,-59.57976433983549,-48.96189085211279,-135.36330772825966,5,Ablation,Vasc,0.021309022929080816,6.392706878724245,0.5673104001356546,85.83492668750573,30,periclinal
1050,77,78,-165.4002272920676,-191.31067907139777,-194.74053336817178,-207.94231016934305,5,Ablation,L1,0.02172305960638012,6.516917881914035,0.06753060681992,33.72632078388653,27,anticlinal
1029,89,77,-188.4387632752031,-107.5478610968014,-165.4002272920676,-191.31067907139777,5,Ablation,Gnd,0.01712105189811271,5.136315569433814,0.20677008943636685,86.87337805848,36,periclinal
1055,80,77,-116.38274604196931,-169.6535938070358,-165.4002272920676,-191.31067907139777,5,Ablation,Gnd,0.017184042190813115,5.1552126572439345,0.2030975882628326,53.588644415133146,28,anticlinal
1037,76,86,182.89085424846303,-121.35937111518786,167.90608969674167,-61.47011163989373,5,Ablation,Vasc,0.005777123218058722,1.7331369654176165,0.4524694068478766,61.73545633725916,31,periclinal
1077,75,76,236.59408739528726,-129.59217255607598,182.89085424846303,-121.35937111518786,5,Ablation,Vasc,0.028087240611084197,8.426172183325258,0.44039600413186814,54.330620003707395,26,anticlinal
1047,72,82,27.6724953367343,-137.44722536582185,-23.97803113167629,-65.769499153786,5,Ablation,Vasc,0.005458949591264764,1.6376848773794292,0.5458501788033078,88.34858979854491,30,periclinal
1068,73,72,46.66795352723534,-119.29588924317704,27.6724953367343,-137.44722536582185,5,Ablation,Vasc,0.02222828231932938,6.668484695798814,0.4684786285768175,26.273531070343463,25,anticlinal
1071,74,73,151.57942645598723,-116.99654146199373,46.66795352723534,-119.29588924317704,5,Ablation,Vasc,0.027639621995774626,8.291886598732388,0.4572794350532257,104.93666733939607,25,anticlinal
1072,76,74,182.89085424846303,-121.35937111518786,151.57942645598723,-116.99654146199373,5,Ablation,Vasc,0.027483878059187998,8.2451634177564,0.5238527375161077,31.613917710182896,26,anticlinal
1063,71,81,-19.08826915811744,-158.1565642566776,-48.96189085211279,-135.36330772825966,5,Ablation,Gnd,0.027608325722085457,8.282497716625636,0.5202321809839882,37.576133599483285,29,periclinal
1064,72,71,27.6724953367343,-137.44722536582185,-19.08826915811744,-158.1565642566776,5,Ablation,Vasc,0.025890280633907792,7.767084190172338,0.47242370343569234,51.14142952088157,24,anticlinal
1079,67,68,-144.56139077199907,-231.4553591945056,-165.53964437358195,-254.59310390035193,5,Ablation,L1,0.027940508560911962,8.382152568273588,0.08842594812715676,31.232072525614512,22,anticlinal
1056,77,67,-165.4002272920676,-191.31067907139777,-144.56139077199907,-231.4553591945056,5,Ablation,Gnd,0.013773300877558702,4.13199026326761,0.14864353226409613,45.23110046966347,28,periclinal
1078,66,67,-112.34112967604153,-207.6321538930681,-144.56139077199907,-231.4553591945056,5,Ablation,L1,0.025104975650456114,7.531492695136834,0.2852315837229675,40.07106606924895,22,anticlinal
1060,80,66,-116.38274604196931,-169.6535938070358,-112.34112967604153,-207.6321538930681,5,Ablation,Gnd,0.014344691270286331,4.3034073810859,0.21090293633947993,38.193005760972795,29,periclinal
1085,65,66,-80.95553292795364,-216.01771800546032,-112.34112967604153,-207.6321538930681,5,Ablation,L1,0.026876311961919613,8.062893588575884,0.3277729418641059,32.486510565412,22,anticlinal
1086,71,65,-19.08826915811744,-158.1565642566776,-80.95553292795364,-216.01771800546032,5,Ablation,Gnd,0.02071886102716148,6.215658308148444,0.38750824768813247,84.70815450419612,23,anticlinal
1091,63,71,68.1637798023354,-201.71048043173607,-19.08826915811744,-158.1565642566776,5,Ablation,Gnd,0.018083741676738572,5.425122503021572,0.48211083814369304,97.51852983910945,23,anticlinal
1109,62,63,127.81395442419762,-189.54315130149394,68.1637798023354,-201.71048043173607,5,Ablation,Vasc,0.02193015164613733,6.579045493841199,0.4071336293611216,60.878462781038536,20,anticlinal
1069,72,62,27.6724953367343,-137.44722536582185,127.81395442419762,-189.54315130149394,5,Ablation,Vasc,0.004700822458410799,1.4102467375232397,0.43063565809493626,112.88178474519758,25,periclinal
1073,74,62,151.57942645598723,-116.99654146199373,127.81395442419762,-189.54315130149394,5,Ablation,Vasc,-0.00021274090935944327,-0.06382227280783298,0.3327676865420621,76.34008291912212,26,periclinal
1108,61,62,151.74044282356,-193.8572636747965,127.81395442419762,-189.54315130149394,5,Ablation,Vasc,0.02524471676439818,7.573415029319454,0.49411282610296786,24.31230990042502,20,anticlinal
1110,64,61,237.8919873952873,-187.36469255607597,151.74044282356,-193.8572636747965,5,Ablation,Vasc,0.026065343907855178,7.819603172356553,0.49929858413766115,86.39584545466269,21,anticlinal
1097,57,58,-47.682800698268466,-246.87351673880755,-111.92211449268609,-330.0228013078995,5,Ablation,L1,0.012612426051173544,3.783727815352063,0.12666588145922641,105.07375010500714,18,anticlinal
1087,65,57,-80.95553292795364,-216.01771800546032,-47.682800698268466,-246.87351673880755,5,Ablation,Gnd,0.019603870212075308,5.881161063622592,0.30278242292556795,45.37791341061379,23,anticlinal
1096,56,57,8.740481564955644,-272.15833999192307,-47.682800698268466,-246.87351673880755,5,Ablation,L1,0.02017262942839974,6.051788828519922,0.26938893482001125,61.82967789255215,18,anticlinal
1092,60,56,63.97270855847955,-230.0245919542914,8.740481564955644,-272.15833999192307,5,Ablation,Gnd,0.010873564764303685,3.2620694292911057,0.23713285130257888,69.46834978868277,19,anticlinal
1103,63,60,68.1637798023354,-201.71048043173607,63.97270855847955,-230.0245919542914,5,Ablation,Vasc,0.012103010228245626,3.630903068473688,0.350412805733771,28.622613253907748,20,periclinal
1102,55,56,18.517961436646146,-300.52196008438796,8.740481564955644,-272.15833999192307,5,Ablation,L1,0.014938696052691991,4.481608815807597,0.2450310666105281,30.001567582227942,18,periclinal
1124,54,55,91.75167656736858,-287.5779515575982,18.517961436646146,-300.52196008438796,5,Ablation,Gnd,0.023092557131466122,6.927767139439837,0.20765823071934247,74.36884017240963,17,anticlinal
1104,60,54,63.97270855847955,-230.0245919542914,91.75167656736858,-287.5779515575982,5,Ablation,Vasc,0.006616755825008218,1.9850267475024654,0.22821472603172055,63.90665274653673,20,periclinal
1114,51,52,6.443272464356028,-315.2123865858965,-68.6192128921831,-365.0276744088029,5,Ablation,L1,0.021048693467074015,6.314608040122205,0.2636458491083571,90.08850985991307,16,anticlinal
1119,55,51,18.517961436646146,-300.52196008438796,6.443272464356028,-315.2123865858965,5,Ablation,Gnd,0.020153053309605342,6.045915992881603,0.2967648633728562,19.015960259050026,17,anticlinal
1123,49,54,119.75477779468474,-293.2860193825253,91.75167656736858,-287.5779515575982,5,Ablation,Gnd,0.02651358951148715,7.954076853446145,0.2505078947634202,28.578938339995833,17,anticlinal
1167,48,49,167.35022661203857,-286.7930133860831,119.75477779468474,-293.2860193825253,5,Ablation,Vasc,0.02849519511943278,8.548558535829834,0.2999868372064324,48.036297473839326,14,anticlinal
1111,61,48,151.74044282356,-193.8572636747965,167.35022661203857,-286.7930133860831,5,Ablation,Vasc,-8.641712262478161e-05,-0.025925136787434484,0.3082400761758077,94.23756641765507,21,periclinal
1172,50,48,237.8920873952875,-286.757822556076,167.35022661203857,-286.7930133860831,5,Ablation,Vasc,0.028062912326407508,8.418873697922253,0.2649046608155634,70.54186956097627,15,anticlinal
1177,45,46,40.77006423507339,-356.80177265363227,-5.981907946127421,-397.94883994882855,5,Ablation,L1,0.004645244615016442,1.3935733845049325,0.13133625948303357,62.2802380360511,13,anticlinal
1120,51,45,6.443272464356028,-315.2123865858965,40.77006423507339,-356.80177265363227,5,Ablation,Gnd,0.005924493464355796,1.777348039306739,0.34439762932129553,53.92592759296183,17,periclinal
1176,44,45,100.37137133406759,-351.95227090400454,40.77006423507339,-356.80177265363227,5,Ablation,L1,0.007686669779371151,2.306000933811345,0.17238967517405954,59.79827317848115,13,anticlinal
1168,49,44,119.75477779468474,-293.2860193825253,100.37137133406759,-351.95227090400454,5,Ablation,Vasc,0.005580144947719711,1.6740434843159133,0.20495330461008499,61.78547979581416,14,periclinal
1135,41,111,-114.25381948124266,227.65553318698426,-109.3434908911031,251.52475478483825,5,Ablation,L1,0.025415124491858992,7.624537347557697,0.5865770376310661,24.369059615639696,51,periclinal
1132,31,41,-59.35328865362692,207.86030205952943,-114.25381948124266,227.65553318698426,5,Ablation,Gnd,0.023750017264395712,7.1250051793187135,0.732567863864466,58.360255830002515,11,anticlinal
1141,40,41,-132.85701669516163,211.29742340628536,-114.25381948124266,227.65553318698426,5,Ablation,L1,0.029580437661176552,8.874131298352966,0.5025665112958987,24.77229707107033,51,anticlinal
1142,32,40,-132.87304844081484,153.13420421337332,-132.85701669516163,211.29742340628536,5,Ablation,Gnd,0.02741729256297275,8.225187768891825,0.37539446942121096,58.163221402357,10,periclinal
1154,36,37,-186.04942884777392,234.4714431553764,-223.21815647062067,253.39958256405293,5,Ablation,L1,0.028849662776030408,8.654898832809122,0.09198463728176404,41.71077528140258,9,anticlinal
1143,40,36,-132.85701669516163,211.29742340628536,-186.04942884777392,234.4714431553764,5,Ablation,Gnd,0.026330982242223962,7.899294672667189,0.4344201511844662,58.02127111624354,10,anticlinal
1153,35,36,-191.91243194202139,98.16160020924212,-186.04942884777392,234.4714431553764,5,Ablation,L1,0.00548093642302306,1.6442809269069179,0.1572087050327804,136.43587537478163,9,periclinal
1148,29,35,-136.84008809425404,105.65469378026887,-191.91243194202139,98.16160020924212,5,Ablation,Gnd,0.04759543683988445,14.278631051965336,0.265699642530538,55.5797580792763,42,anticlinal
1159,34,35,-201.73634129033087,94.19690911493103,-191.91243194202139,98.16160020924212,5,Ablation,L1,0.04807836927719029,14.423510783157086,0.21378129878155294,10.593770356068333,9,anticlinal
1160,100,34,-202.24479478773833,-22.591830337373494,-201.73634129033087,94.19690911493103,5,Ablation,L1,0.01881926688576518,5.6457800657295545,0.42131928760597204,116.78984625307672,41,periclinal
1161,34,33,-201.73634129033087,94.19690911493103,-259.7015200790777,102.53184954866401,5,Ablation,L1,0.048252059774398226,14.475617932319468,0.09372406068444629,58.56136255284076,41,anticlinal
1182,14,44,140.63508219865457,-400.6946299472986,100.37137133406759,-351.95227090400454,5,Ablation,L1,0.008089636567893655,2.4268909703680963,0.3386847884816988,63.22170495717789,13,periclinal
1194,13,14,166.16708614434674,-395.940874081106,140.63508219865457,-400.6946299472986,5,Ablation,Flank,0.008319425552049398,2.4958276656148195,0.30777849438754185,25.97078012532933,3,anticlinal
1173,48,13,167.35022661203857,-286.7930133860831,166.16708614434674,-395.940874081106,5,Ablation,Vasc,-0.002960465033456787,-0.8881395100370361,0.2099964294276077,109.15427300690716,15,periclinal
1193,12,13,234.6858873952874,-391.92216255607605,166.16708614434674,-395.940874081106,5,Ablation,Flank,0.008998082801342205,2.6994248404026617,0.1832392441605403,68.63655124776679,3,anticlinal
1183,8,9,107.59405004857626,-420.14378660712623,37.16904660634066,-438.3484047763661,5,Ablation,Flank,0.004562039487661232,1.3686118462983696,0.1292270554885987,72.7398737456061,2,anticlinal
1189,14,8,140.63508219865457,-400.6946299472986,107.59405004857626,-420.14378660712623,5,Ablation,Flank,0.004205828238676137,1.261748471602841,0.30928068059806707,38.34031168784398,3,anticlinal
1200,4,5,156.2397958267834,-488.4617103585558,113.67895061676995,-508.30376111490693,5,Ablation,Flank,0.01010217476086828,3.030652428260484,0.10641646273279191,46.95883860582944,1,anticlinal
1190,8,4,107.59405004857626,-420.14378660712623,156.2397958267834,-488.4617103585558,5,Ablation,Flank,0.0027461317334658993,0.8238395200397698,0.11219297311700681,83.86743878302296,3,periclinal
1199,3,4,239.1745873952873,-472.0779225560759,156.2397958267834,-488.4617103585558,5,Ablation,Flank,0.010848019440955335,3.2544058322866007,0.14253343719534117,84.53761384891268,1,anticlinal
