,Strain,SOK5,Orientation,Normalized SOK5,Relative SOK5 (mean),Relative SOK5 (median),Normalized strain,Relative strain (mean),Relative strain (median),Stage,Experiment
0,0.0575124684504602,0.3968075817994723,periclinal,0.309499313561601,0.8184371753937617,0.8179987904362483,0.3400014017998832,0.7361028591682749,0.7012322424961891,3,Control
1,0.0611861304625939,0.3232867241013444,anticlinal,0.2052410659726037,0.6667964158243271,0.6664392552172462,0.3773099118998624,0.7831221087954888,0.7460240992943461,3,Control
2,0.0427553639557254,0.3890632828233717,periclinal,0.2985173002209966,0.802464138410291,0.8020343091970056,0.1901330741557473,0.5472264797623697,0.5213033026262701,3,Control
3,0.0555530783960365,0.4828432863902779,anticlinal,0.4315045794352939,0.9958904859605324,0.9953570505039064,0.3201024771318491,0.71102459944222,0.6773419884555059,3,Control
4,0.0575659665794217,0.4673782112852297,anticlinal,0.4095739099658922,0.9639929291426176,0.963476579186884,0.3405447113036147,0.7367875824421962,0.7018845291038022,3,Control
5,0.0435550385546499,0.3919498157801575,periclinal,0.3026106266198538,0.8084177693089731,0.8079847511127004,0.1982543078871383,0.5574615257364365,0.5310534946694799,3,Control
6,0.0820162921284567,0.3480496075501155,anticlinal,0.2403567449030632,0.717871207017856,0.7174866888800562,0.5888542222714311,1.049727628820883,1.0,3,Control
7,0.0539219058405083,0.54909199014954,periclinal,0.5254503517675874,1.1325320333128934,1.131925407633815,0.3035368220547814,0.6901471999100579,0.6574535917333839,3,Control
8,0.0780375650519482,0.4293904935136644,anticlinal,0.3557043958066516,0.8856411993404207,0.8851668174437797,0.5484475711345819,0.998803847321382,0.9514885765589484,3,Control
9,0.0750929495757193,0.42770979621776,anticlinal,0.3533210373926622,0.882174669942686,0.8817021448462837,0.5185430192534916,0.9611156741373303,0.9155857650588022,3,Control
10,0.0457766352413722,0.5359497963244988,periclinal,0.506813707139479,1.1054255452164043,1.1048334387661558,0.220816117370673,0.5858957716847505,0.5581407553718137,3,Control
11,0.097838334014897,0.5325882386037292,anticlinal,0.5020467589820499,1.098492149958599,1.097903757289049,0.7495377058289474,1.2522341562623367,1.1929134014210157,3,Control
12,0.0501263624257254,0.5729747851553436,periclinal,0.5593179973962066,1.181791594323338,1.1811585834173786,0.2649905242849725,0.6415679885669446,0.611175671624069,3,Control
13,0.0931926787690977,0.6137771065632213,anticlinal,0.6171788366292705,1.2659485968965591,1.265270508414572,0.7023579502917041,1.192774352131541,1.1362703232564593,3,Control
14,0.0888484004826053,0.6095988288170884,anticlinal,0.6112537164743813,1.257330672256491,1.2566571998509002,0.6582388806022775,1.1371718757665372,1.083301843778159,3,Control
15,0.0565500503429646,0.5460891136310714,periclinal,0.5211920412235626,1.1263384375033414,1.1257351293412543,0.3302273982129148,0.7237848568336491,0.6894977677653847,3,Control
16,0.0983910477650568,0.6212470851647239,anticlinal,0.627771842517718,1.2813558332178532,1.2806694920552169,0.7551508859370051,1.2593083470031623,1.1996524740590977,3,Control
17,0.0950001537869327,0.4275599081314159,anticlinal,0.3531084845239121,0.8818655176289719,0.8813931581258833,0.7207140755246817,1.2159082492559468,1.1583083229139428,3,Control
18,0.0524952948717909,0.4850955605788246,periclinal,0.43469847797429,1.0005359237234073,1.0,0.2890486275612919,0.6718879868856977,0.6400593529584457,3,Control
19,0.1005535983163749,0.5168274765631894,anticlinal,0.4796967826289351,1.0659847227869292,1.0654137422871934,0.7771130421775855,1.2869868606682873,1.2260198029787102,3,Control
20,0.099743982910342,0.5205583624292485,anticlinal,0.4849874665862277,1.0736798773907972,1.0731047750841278,0.7688908528598665,1.2766245821700029,1.216148405662128,3,Control
21,0.0589926694624168,0.473686982711795,periclinal,0.4185202345051662,0.9770051126375696,0.9764817928792904,0.3550338392484513,0.7550479718786346,0.7192798885619023,3,Control
22,0.1186009512135899,0.6355502597551499,anticlinal,0.648054847428789,1.310856907158693,1.3101547641392557,0.9603960566791224,1.5179751737416858,1.4460657527388954,3,Control
23,0.1075689223475034,0.8837350324528318,anticlinal,1.0,1.8227514718272748,1.821775139311404,0.8483583790119263,1.3767760875340014,1.3115555404409798,3,Control
24,0.0528867502636976,0.6230051848510223,periclinal,0.6302649634920793,1.2849820092470243,1.2842937257715603,0.2930241205147553,0.6768982297249109,0.6448322509004012,3,Control
25,0.0932953593507266,0.670500403208223,anticlinal,0.6976168468869952,1.3829434750554608,1.3822027198273472,0.7034007407019592,1.194088562280305,1.137522276727704,3,Control
26,0.1009136162729477,0.6362743464613452,anticlinal,0.6490816582339672,1.312350375292218,1.3116474323164933,0.7807692668179061,1.291594735348775,1.2304093937201326,3,Control
27,0.0942467924738884,0.714457155687944,anticlinal,0.7599509127116342,1.4736066629306512,1.472817345175126,0.713063184380146,1.2062659676523253,1.1491228148460526,3,Control
28,0.0325228317795342,0.5210084739712301,periclinal,0.4856257594742034,1.0746082568773003,1.0740326572965408,0.0862148234340192,0.4162601624686897,0.3965411131802428,3,Control
29,0.0949737685166275,0.75663042083988,anticlinal,0.81975585592789,1.5605913113881131,1.5597554014657549,0.7204461153475011,1.215570543825544,1.1579866152431806,3,Control
30,0.0240335053260358,0.5212165369314445,periclinal,0.485920808801691,1.0750373980259895,1.074461568581497,0.0,0.3076051587243136,0.2930333071921087,3,Control
31,0.1094138483640615,0.4218029398627339,anticlinal,0.3449446594284178,0.8699914580979403,0.8695254587764754,0.8670948443413801,1.4003893204960358,1.3340501688700308,3,Control
32,0.1133807790311617,0.3468099332706387,anticlinal,0.238598791146728,0.7153143115293619,0.7149311629585292,0.907381695001729,1.4511621195924622,1.3824177622365668,3,Control
33,0.1120364818632771,0.3795598436436703,anticlinal,0.2850406903722309,0.7828627792742352,0.782443449267548,0.8937294525527105,1.4339564420148416,1.3660271508958448,3,Control
34,0.0649558483330231,0.2509120223987618,periclinal,0.1026081559993594,0.5175196652067902,0.5172424627002754,0.415593933886222,0.831370778648199,0.7919871363031994,3,Control
35,0.1225006379531224,0.265537235544802,anticlinal,0.123347836424232,0.5476849611482013,0.5473916010032298,1.0,1.5678873169024876,1.4936134611066991,3,Control
36,0.0997228749860086,0.2026963715571001,anticlinal,0.0342346437675698,0.4180722682954997,0.4178483334608118,0.768676487682672,1.27635442156185,1.215891043084698,3,Control
37,0.1017994862211568,0.1785547767098141,anticlinal,0.0,0.368278918564853,0.368081654873855,0.7897658723305699,1.3029329967605523,1.2412105397512352,3,Control
38,0.0595514239484139,0.2388183274173737,periclinal,0.0854583636123823,0.4925757628857832,0.4923119212478702,0.3607083670943392,0.7621994780788924,0.7260926140765112,3,Control
39,0.054604352901617,0.1312746085848595,periclinal,0.0093018473700248,0.3872082177546768,0.388409582122819,0.1308767672978848,0.5613447042427415,0.5268377900514998,3,Ablated
40,0.0588986346387922,0.1774509241087573,anticlinal,0.1125069165262102,0.5234101004281878,0.5250340490319297,0.1641966226351046,0.6054908607960993,0.5682701993751319,3,Ablated
41,0.0434318468276501,0.3141554515249235,periclinal,0.4180445075158458,0.9266344329204202,0.929509437992522,0.0441879310913264,0.4464888954203006,0.4190423837044829,3,Ablated
42,0.0567582637301813,0.3379338911508632,periclinal,0.4711898370679888,0.9967714329678856,0.9998640472974408,0.1475892239110003,0.583487379190362,0.5476193131460662,3,Ablated
43,0.0877921907027436,0.2645207618877448,periclinal,0.3071098970248958,0.7802317133054171,0.782652484705092,0.3883852453550515,0.9025229437961996,0.8470431618693087,3,Ablated
44,0.1103561619549263,0.2077872093139893,periclinal,0.1803091735280144,0.6128901533816286,0.614791725605812,0.5634618481422927,1.1344855089770265,1.0647465521228987,3,Ablated
45,0.1116919619653395,0.1446715130457189,anticlinal,0.0392442201140399,0.426723791677457,0.4280477583053673,0.5738264832152824,1.1482178255768378,1.0776347174071723,3,Ablated
46,0.1377654975365294,0.2883045898040856,anticlinal,0.3602672695232367,0.8503846066802017,0.853023036648466,0.7761342232596967,1.416259480427009,1.3291993478662956,3,Ablated
47,0.1367041984749894,0.3859636202377306,anticlinal,0.5785373258341209,1.1384401532135373,1.141972313360509,0.7678994745020846,1.4053490936875734,1.3189596431091883,3,Ablated
48,0.0512029457438905,0.382126576887765,periclinal,0.5699614505223816,1.127122391667692,1.1306194369725069,0.1044848346360597,0.52637749387394,0.4940200798357833,3,Ablated
49,0.1381064145275432,0.4036411231350284,anticlinal,0.6180469291518669,1.1905818009015676,1.1942757373610149,0.7787794397400793,1.4197641817433455,1.332488608604544,3,Ablated
50,0.1477328627541039,0.3221435769063498,anticlinal,0.4358981414202598,0.9501962460195889,0.9531443547124512,0.8534722246925721,1.5187261773626863,1.425367224323406,3,Ablated
51,0.0495334794692968,0.5023829446052436,periclinal,0.8387370469714067,1.4818311530915398,1.4864287289313558,0.0915312423558239,0.5092150150172905,0.4779126108166531,3,Ablated
52,0.1036454748173614,0.2760118257086323,anticlinal,0.3327926745020002,0.8141258104972198,0.8166517427865387,0.5113928088192947,1.0654981758006932,1.0,3,Ablated
53,0.0829948202079142,0.4810114456242516,periclinal,0.7909712820921557,1.4187936767632334,1.4231956705506912,0.3511618630364256,0.8532049246555843,0.8007568140737771,3,Ablated
54,0.1140017771406968,0.3919619664742679,anticlinal,0.5919437600881529,1.1561329041633426,1.159719958394662,0.5917486206550227,1.1719632313470054,1.0999204484477945,3,Ablated
55,0.0840881097087859,0.3938034282074525,anticlinal,0.5960594670986751,1.1615644885607848,1.1651683949963147,0.3596448295114453,0.8644441801161198,0.8113051713734876,3,Ablated
56,0.1257723920811028,0.4129672662447723,anticlinal,0.6388910617701021,1.2180902375366285,1.2218695225348757,0.6830782564470237,1.2929677302810405,1.213486573366876,3,Ablated
57,0.0892465173385766,0.3990390866250763,periclinal,0.6077612774951624,1.177007611846503,1.1806594326009898,0.3996695429593574,0.9174737400584482,0.861074904580659,3,Ablated
58,0.0749285369594335,0.4073536942494282,periclinal,0.6263446063108553,1.2015324185418783,1.2052603307312793,0.288574588284113,0.7702817666316291,0.7229310984533437,3,Ablated
59,0.0522360336396954,0.3494119428192834,periclinal,0.4968435321014199,1.0306271494520989,1.0338248055901105,0.1125006895206753,0.536997863652375,0.5039875955196597,3,Ablated
60,0.1137373190616515,0.2255769737350599,anticlinal,0.2200696837921701,0.6653629282008768,0.667427304102965,0.5896966581905515,1.1692445443874926,1.097368884286298,3,Ablated
61,0.0601899747030603,0.5123244311124033,periclinal,0.8609564854615934,1.5111546095753663,1.515843165291526,0.1742162875676796,0.6187661194143905,0.5807294028911917,3,Ablated
62,0.131557992627308,0.5745356892547786,anticlinal,1.0,1.6946532362272495,1.6999111205411876,0.7279694361685738,1.3524449707370856,1.2693076360461713,3,Ablated
63,0.1136319742455537,0.4645498572163085,anticlinal,0.7541792740943938,1.3702384963093504,1.3744898412701272,0.5888792749242143,1.1681615766112337,1.0963524885750195,3,Ablated
64,0.1547546156708827,0.5547002063661614,anticlinal,0.955667264483096,1.6361464003631,1.6412227595319686,0.9079548613056684,1.5909113348616966,1.4931150244965643,3,Ablated
65,0.043077980283126,0.3095372076679835,periclinal,0.4077226320862449,0.9130124385966188,0.9158451796416331,0.0414422374471127,0.4428510698583865,0.4156281821182809,3,Ablated
66,0.1285602487151435,0.5446276532300834,anticlinal,0.9331548892276412,1.6064363491193454,1.611420528950836,0.7047095758229737,1.3216275069205763,1.2403845796614423,3,Ablated
67,0.0636989979678021,0.4144236757575391,periclinal,0.6421461686962282,1.2223860700501552,1.226178683433175,0.2014432267188698,0.6548396469274147,0.6145854228566091,3,Ablated
68,0.0770798112919998,0.2156342711770804,anticlinal,0.1978475274019622,0.6360358848476956,0.638009269744707,0.3052665880034737,0.7923973378230912,0.7436871839105927,3,Ablated
69,0.0571054104656961,0.3425370732824319,periclinal,0.4814780492139143,1.0103490011539884,1.0134837416727018,0.1502827777381764,0.5870561236442609,0.5509686801698219,3,Ablated
70,0.1666174450286466,0.3770279769747091,anticlinal,0.5585659688635141,1.1120835368071778,1.1155339220889386,1.0,1.7128638181978544,1.6075708594345397,3,Ablated
71,0.1228423496126253,0.2458692234510682,anticlinal,0.2654233030992664,0.7252170456990772,0.727467126864514,0.6603436998536777,1.262846252129846,1.1852167191002942,3,Ablated
72,0.1206852650420277,0.2417833466188685,anticlinal,0.2562912795446241,0.7131653237155492,0.7153780128301414,0.6436066177893459,1.2406709504191864,1.164404574871145,3,Ablated
73,0.14589927725606,0.1271127486818019,anticlinal,0.0,0.3749323757393808,0.3760956526948341,0.8392452113565918,1.499876516952687,1.4076762879725913,3,Ablated
74,0.0677712867226154,0.3542826438122318,periclinal,0.5077296547188944,1.0449937925602086,1.0482360230959948,0.2330406114519509,0.6967036670135134,0.653875982931608,3,Ablated
75,0.1621744172150105,0.3179754303632493,anticlinal,0.4265822432730555,0.9379018609005432,0.940811824648301,0.9655260057280304,1.667188519408369,1.5647033071225318,3,Ablated
76,0.131201257608496,0.1421001598587006,anticlinal,0.0334971898349815,0.4191393159323281,0.4204397507277683,0.7252014856827832,1.3487776566313985,1.2658657586324145,3,Ablated
77,0.0377368813613063,0.3302575410783678,periclinal,0.4540330277576191,0.9741292338215785,0.9771515977534831,0.0,0.3879434034310955,0.3640957931622609,3,Ablated
78,0.0386304331792933,0.3379798404235793,periclinal,0.4712925346915332,0.996906965164,1.0,0.0069331774517482,0.3971293117761172,0.372717026453551,3,Ablated
79,0.1397964873281977,0.293413761405942,anticlinal,0.3716863791364216,0.8654546438449194,0.8681398305834332,0.7918929205673106,1.4371385001999966,1.3487948950452455,3,Ablated
80,0.0355515378339558,0.2438132656688925,periclinal,0.1127614536059456,0.5288132515594939,0.5489413428792964,0.1896187443820395,0.5657558743318254,0.5636135315227108,4,Control
81,0.0723092632574484,0.1679439137389655,anticlinal,0.0,0.3642581418212827,0.3781228116663339,0.5395650873811924,1.1507066346208716,1.1463492638962778,4,Control
82,0.063000747522895,0.3354075674574765,periclinal,0.24889424437028,0.7274746345661138,0.7551643262185164,0.4509447768879018,1.0025738735929128,0.9987774358957616,4,Control
83,0.1206725064574865,0.3915111253284337,anticlinal,0.3322786226082466,0.8491591736760069,0.8814805146076002,1.0,1.9203439164159388,1.9130721669441024,4,Control
84,0.0465300954474889,0.452135454361771,periclinal,0.4223820344839413,0.9806489368428272,1.017975140933269,0.2941384349776385,0.7404651510600565,0.7376612381645041,4,Control
85,0.0964791960069726,0.3932356881606124,anticlinal,0.3348417684219984,0.8528996251083811,0.8853633379411816,0.7696712617644869,1.5353392628665048,1.5295254071407678,4,Control
86,0.0995025687189765,0.2863040510596598,anticlinal,0.1759137358337742,0.6209726766103151,0.6446086099101229,0.798454822550677,1.5834522553367496,1.5774562105642522,4,Control
87,0.0318371869039248,0.4381556646801139,periclinal,0.4016044561138902,0.9503277891505826,0.9864998867055492,0.1542568304005746,0.5066468741020849,0.5047283588259069,4,Control
88,0.1078001622833245,0.5259527956742271,anticlinal,0.5320936702892216,1.1407533847030542,1.1841736057980503,0.8774508020375109,1.715497522232747,1.7090014628057906,4,Control
89,0.0363032274664713,0.5686639178827453,periclinal,0.5955734299400213,1.2333907042962968,1.2803369573560663,0.1967750913795351,0.5777180242465837,0.575530384469264,4,Control
90,0.1181538146968651,0.4705867710428126,anticlinal,0.4498054569460119,1.0206685015817956,1.0595179607178875,0.9760211775724238,1.8802622562115892,1.8731422836110363,4,Control
91,0.0872688722277414,0.4441517638114993,anticlinal,0.4105162081826946,0.9633328923374088,1.0,0.6819857728707661,1.388769097408817,1.3835102576435767,4,Control
92,0.0896894198689691,0.5344746524370765,anticlinal,0.5447593505877442,1.1592366726067016,1.2033604186336424,0.7050302291134664,1.42728892328866,1.42188422083648,4,Control
93,0.0240093597812983,0.4220443109147908,periclinal,0.3776588229441828,0.915383433894556,0.9502254528790052,0.0797331909851189,0.3820773210615403,0.3806305122197078,4,Control
94,0.0306202685375111,0.471625216751265,periclinal,0.4513488554936111,1.0229208148435378,1.0618560032363749,0.1426713438899546,0.4872812219720323,0.4854360384409885,4,Control
95,0.0371282013415464,0.3159665765932006,anticlinal,0.2199999104445023,0.6853085384586213,0.7113932721593306,0.2046291298796397,0.5908463963067162,0.5886090434380183,4,Control
96,0.0565050354643043,0.4967461185528244,periclinal,0.4886850041620789,1.0774062249271297,1.1184152783498715,0.389103336649423,0.8992031763173155,0.8957981715332439,4,Control
97,0.0663415814890017,0.478761065117789,periclinal,0.4619545693168164,1.038397951278196,1.0779222421842685,0.4827506793352601,1.0557388435674857,1.0517410865446513,4,Control
98,0.1097075593983939,0.4193091952331695,anticlinal,0.3735937345758929,0.9094511667842268,0.9440673873156716,0.8956098866211029,1.745851233725457,1.7392402341653146,4,Control
99,0.0613205578221393,0.7661656305083857,anticlinal,0.8891119885123958,1.6617575634809365,1.725008641040883,0.4349487859893866,0.975835868682012,0.9721406795536336,4,Control
100,0.0681204027066746,0.838579199623886,anticlinal,0.9967372562463296,1.8188173314797769,1.888046537128656,0.4996856766127598,1.084046439092181,1.0799414899455575,4,Control
101,0.034949318980714,0.4855080535984978,periclinal,0.4719823369093217,1.053031678884976,1.0931129698373785,0.1838854112405278,0.5561723548946018,0.5540663019145174,4,Control
102,0.0758964288762716,0.6506305569628947,anticlinal,0.7173970271470742,1.4111703866792953,1.4648834249345146,0.5737161529212044,1.2077916482292563,1.2032181141841196,4,Control
103,0.068320465469008,0.5803644462107462,anticlinal,0.6129634372178151,1.2587682997815928,1.3066804941408638,0.5015903437607474,1.087230174309313,1.083113169340456,4,Control
104,0.0925161239681887,0.660310517031746,anticlinal,0.7317839480900568,1.4321655164764038,1.4866776872960608,0.7319414362370279,1.472272193958991,1.4666971537501503,4,Control
105,0.0529922059783337,0.3996679576086874,periclinal,0.3444017822418074,0.8668507500088724,0.8998454811457395,0.3556599769738186,0.8433011243021236,0.8401078033283014,4,Control
106,0.0866822479301211,0.6274294119289336,anticlinal,0.6829141328979162,1.360848789486244,1.4126464489178938,0.6764009053279159,1.3794337447735938,1.3742102551063304,4,Control
107,0.09449376588905,0.4364803926838368,anticlinal,0.3991145692138412,0.9466942459585526,0.982728040834893,0.7507692758270395,1.5037437589663272,1.498049545658198,4,Control
108,0.058596390438778,0.397700203077426,periclinal,0.3414771907481347,0.8625828334576849,0.8954151159156768,0.4090137640982995,0.9324843347203006,0.9289533044654942,4,Control
109,0.0630778642555058,0.6168286079573576,anticlinal,0.667158600066548,1.3378564161960766,1.3887789224656628,0.4516789550300548,1.0038010847669443,1.0,4,Control
110,0.04748170907244,0.4058165906819488,anticlinal,0.3535402391469212,0.8801866882286294,0.9136890219672296,0.3031981279853828,0.7556088278518962,0.7527475705282071,4,Control
111,0.0760518488318856,0.369373208488922,anticlinal,0.2993759600820599,0.8011436411554993,0.8316373784472603,0.5751958050071152,1.2102649520083415,1.205682052325469,4,Control
112,0.0642408628228478,0.4337515708434339,anticlinal,0.3950588351192665,0.9407756297323552,0.9765841457460036,0.4627511062816795,1.0223086743510104,1.018437507056852,4,Control
113,0.0620190750742385,0.4110627415963017,periclinal,0.3613373744576981,0.8915652082430339,0.9255006398460668,0.4415989134136944,0.9869518502337246,0.9832145683154632,4,Control
114,0.0651386619426722,0.4849336647225665,periclinal,0.471128646678187,1.0517858711627937,1.0918197432361774,0.4712984664654407,1.0365959642112377,1.032670695361828,4,Control
115,0.06607584053168,0.3711796446342488,anticlinal,0.3020607907865781,0.8050616698530934,0.8357045381267013,0.4802207329055397,1.0515099264287255,1.047528183009344,4,Control
116,0.043899633663752,0.8407744733294685,anticlinal,1.0,1.8235787205827332,1.8929891578372708,0.2690955230179817,0.6986048182298651,0.6959594174896339,4,Control
117,0.0264106484958571,0.4619736625376581,periclinal,0.4370041529885984,1.001987295281762,1.0401256961656973,0.1025942955410577,0.420290666503119,0.4186991555211352,4,Control
118,0.0374989269382267,0.5628572835246491,anticlinal,0.5869432714620381,1.2207965364314035,1.267263420715648,0.2081585666257868,0.596746005630697,0.5944863127630964,4,Control
119,0.0414221552948183,0.3829665894332124,periclinal,0.3195792352611236,0.8306266963826875,0.8622426400984544,0.2455090664274513,0.659179014842662,0.6566829074464545,4,Control
120,0.0438220741122807,0.5695224380210385,anticlinal,0.5968494126165748,1.2352527720743345,1.2822699005710745,0.2683571290861118,0.6973705601772209,0.6947298331911363,4,Control
121,0.065938755902855,0.4325129798160464,periclinal,0.39321796893129,0.938089215821495,0.973795479510034,0.4789156395139866,1.0493284052129457,1.0453549225408256,4,Control
122,0.0680023702938241,0.690358603551243,anticlinal,0.7764431659142067,1.497337632078576,1.5543304334241828,0.4985619669501916,1.082168108786369,1.0780702722966466,4,Control
123,0.0395036153981301,0.4950130909718103,anticlinal,0.4861092775451593,1.0736474140697954,1.1145133967809633,0.2272438986835589,0.6286479806645946,0.6262674848678309,4,Control
124,0.0156343308661455,0.1868635827691538,anticlinal,0.028119515025749,0.4052935287631501,0.4207201186494891,0.0,0.2487997726028329,0.2478576446852491,4,Control
125,0.0610769691843637,0.3483549179396647,periclinal,0.2681373514165299,0.7555564966780156,0.784315061478645,0.4326297373539338,0.971959476516203,0.9682789660880532,4,Control
126,0.0679122367332299,0.4245544453109116,anticlinal,0.3813895310107851,0.9208277329494998,0.9558769769764892,0.4977038640739109,1.0807337519487326,1.076641346925472,4,Control
127,0.0651507157099913,0.4518943109346393,anticlinal,0.4220236330651972,0.9801259142769964,1.0174322106855935,0.4714132225267605,1.036787784033504,1.0328617888216551,4,Control
128,0.0673767748778639,0.4912927240821733,anticlinal,0.4805798513967673,1.0655782087027053,1.1061370551951266,0.4926060807931999,1.072212582159432,1.0681524441751036,4,Control
129,0.0386310573014051,0.4507919542034875,periclinal,0.4203852462299995,0.9777349826524206,1.014950273606943,0.2189368418272052,0.6147623684240341,0.6124344531534008,4,Control
130,0.048661008697003,0.3813387155025605,periclinal,0.3171597941292543,0.8270959561498487,0.858577510151244,0.3144254709768597,0.7743758272798803,0.7714435051239954,4,Control
131,0.0634638278793137,0.3752106723850707,anticlinal,0.30805193921669,0.81380467604757,0.8447803272583926,0.4553534630994781,1.0099431872117828,1.006118844199361,4,Control
132,0.050766089064807,0.3534842316798487,anticlinal,0.2757608365080896,0.7666816053540099,0.7958636224843847,0.3344665689486485,0.8078754072302088,0.8048162325086307,4,Control
133,0.0533632800712474,0.4072940432715113,periclinal,0.3557361153129231,0.8833911755060879,0.9170154808714648,0.3591927315254335,0.8492062794844045,0.8459905975112265,4,Control
134,0.0640747946723496,0.4490406102175074,anticlinal,0.4177822967042734,0.9739364448440512,1.0110071529696387,0.4611700796733692,1.0196659185826766,1.015804758588616,4,Control
135,0.0413471671343158,0.2919970734391564,anticlinal,0.1843750375662066,0.6333204283515637,0.6574263511493826,0.2447951530328182,0.6579856770886734,0.6554940884940765,4,Control
136,0.0537986970169588,0.3889053717874622,periclinal,0.3284057997944948,0.843507483646002,0.8756137056623644,0.3633380524362367,0.8561353663770835,0.8528934460913192,4,Control
137,0.0944668093135332,0.4130674700706633,anticlinal,0.3643169187809846,0.8959133185893376,0.930014251268338,0.7505126398433596,1.5033147805907152,1.49762219169124,4,Control
138,0.0560855360033881,0.4396089256368504,periclinal,0.4037643772649464,0.9534798065348212,0.989771878567667,0.3851095557354411,0.8925273952188764,0.8891476695565609,4,Control
139,0.0790438369230656,0.4578984698061108,anticlinal,0.4309473639895562,0.9931484984542434,1.0309504703451895,0.6036805732767071,1.2578784995972512,1.2531153021111716,4,Control
140,0.0527393272030947,0.4848806079727998,periclinal,0.4710497906437659,1.0516707949290034,1.0917002868834402,0.3532524829954109,0.8392768918412508,0.836098809393206,4,Control
141,0.0842813611370496,0.4344230983737733,anticlinal,0.396056898481234,0.9422321241353824,0.9780960783443946,0.6535436272044612,1.3412267953828256,1.3361479836358443,4,Control
142,0.0654516540542785,0.5109928831958997,anticlinal,0.5098593762829681,1.108306421905496,1.1504916220771064,0.4742782603341389,1.0415768212022305,1.0376326913853222,4,Control
143,0.040021738227857,0.4518464453030585,periclinal,0.4219524923732377,0.9800220972012328,1.0173244420455008,0.2321766084037157,0.6368932227104527,0.6344815047279235,4,Control
144,0.0873057434312317,0.5464401588478273,anticlinal,0.5625431837388918,1.1851889862934315,1.2303005489802348,0.6823367995644677,1.3893558540229958,1.3840947923916291,4,Control
145,0.0711980962981798,0.2370263401965317,periclinal,0.1639923780819128,0.5916878987527507,0.6462299362054291,0.401400694253507,0.7471605919374267,0.7136870105149742,4,Ablated
146,0.070160188533633,0.1691542862463176,anticlinal,0.0570293548543964,0.422259163733101,0.4611831896792381,0.393462890441655,0.7362686745961604,0.7032830625418782,4,Ablated
147,0.1319172685417963,0.2665026091128311,anticlinal,0.2104455300532286,0.665269390175582,0.7265942002174375,0.865774209272248,1.3843542113495622,1.3223336846901406,4,Ablated
148,0.0738420727534954,0.3491683232422504,periclinal,0.3407226350754263,0.871627479540569,0.9519744643852786,0.4216215338139597,0.7749067693794303,0.7401901299855204,4,Ablated
149,0.0440525869076469,0.3344884579614157,periclinal,0.317587888451101,0.83498219094189,0.9119511977893708,0.1937948401736818,0.4622926541806129,0.4415814563903361,4,Ablated
150,0.0778767581168542,0.4095275008012409,anticlinal,0.4358457341343095,1.0223018514720217,1.1165380628065198,0.4524783613191237,0.8172471978614421,0.7806336626789319,4,Ablated
151,0.0401114149933295,0.3441165356038,periclinal,0.332761265895286,0.8590167223974539,0.9382012423855112,0.1636531931861087,0.420933566037355,0.4020752989549622,4,Ablated
152,0.0883305269563195,0.3011551584019193,anticlinal,0.2650562456390608,0.7517724094530435,0.8210711039146183,0.5324276294300083,0.926950188814468,0.8854218440989354,4,Ablated
153,0.052303634600346,0.4808514350142705,periclinal,0.5482487511035944,1.200347501294296,1.310996034938179,0.2568979405300729,0.5488800490508681,0.5242896447772408,4,Ablated
154,0.1075807546315516,0.4141349727953543,anticlinal,0.4431068836832532,1.0338034652610153,1.129099900154873,0.6796512420081326,1.1289641786902669,1.078385394468754,4,Ablated
155,0.1207372446470905,0.5446855468952572,anticlinal,0.6488481759691257,1.359696337783489,1.48503371368045,0.7802706228078617,1.267029820595361,1.2102655502068524,4,Ablated
156,0.0727230080442019,0.504065614284845,periclinal,0.5848331573799621,1.2582969635459889,1.3742873028059022,0.4130630506629864,0.7631631822038646,0.7289726678836735,4,Ablated
157,0.1268858111812565,0.3615155663097085,anticlinal,0.3601812836672175,0.902449852699249,0.9856380567656884,0.8272941797552708,1.3315535487579004,1.2718985473918274,4,Ablated
158,0.1111768126839633,0.3266586519934841,anticlinal,0.3052484988367962,0.8154366778273313,0.8906039711184367,0.707153496342396,1.1667016043066591,1.1144321436727724,4,Ablated
159,0.1419562652218754,0.3612222078510543,anticlinal,0.3597189651458119,0.9017175431599864,0.9848382426274612,0.9425513457734775,1.4897045380006069,1.4229642057530834,4,Ablated
160,0.1494679656490701,0.3380898558068984,anticlinal,0.3232635145590196,0.8439723458841614,0.9217700689663332,1.0,1.5685331419865096,1.4982612052587525,4,Ablated
161,0.0573502738003914,0.5758390855943757,periclinal,0.6979446227325823,1.4374647910124,1.569970895385285,0.2954940790767877,0.6018400315229969,0.5748769642575816,4,Ablated
162,0.0256594529335383,0.517748147637465,periclinal,0.6063961578732299,1.2924526164675736,1.4115914380689318,0.0531261854446905,0.2692730991334552,0.2572093806959675,4,Ablated
163,0.0892554584749296,0.5423624685784052,anticlinal,0.6451871186487291,1.3538972467339605,1.4787000599976792,0.539501403405802,0.9366565211025129,0.8946933224778432,4,Ablated
164,0.1183758146459598,0.6090602753014724,anticlinal,0.750299585923949,1.520394713128061,1.66054533233303,0.7622106672851467,1.242248716476026,1.1865946656513275,4,Ablated
165,0.0653300778505042,0.5575580252779945,periclinal,0.6691345696188361,1.3918298537450768,1.5201293105545557,0.3565227380486865,0.6855809660089005,0.6548662166832235,4,Ablated
166,0.1262697880682922,0.4695513038317243,anticlinal,0.5304402994094806,1.1721390293181966,1.280187294242293,0.8225829031068962,1.3250889349878656,1.2657235551271704,4,Ablated
167,0.0866197510443079,0.3827202621457114,periclinal,0.393598842754239,0.9553830495435016,1.0434506577871343,0.5193438044318222,0.9089971197079906,0.8682730913964594,4,Ablated
168,0.0899753566842594,0.6497460949572021,periclinal,0.8144184392602364,1.6219585609315228,1.771471378015494,0.545007105304716,0.9442112114690204,0.9019095547593906,4,Ablated
169,0.0916064116039994,0.5209851653991449,periclinal,0.6114975388670101,1.30053317087366,1.420416861352655,0.557481232969523,0.9613276797831676,0.9182591872661344,4,Ablated
170,0.1199311393431776,0.7675045625343778,anticlinal,1.0,1.915918549442971,2.092528720954466,0.7741056185823197,1.258570463571079,1.2021851812865867,4,Ablated
171,0.1136002650920108,0.6835857014840273,anticlinal,0.867747996983565,1.706432234464495,1.8637318700304952,0.7256877923747991,1.19213357833228,1.1387247384772905,4,Ablated
172,0.1068860175334048,0.7078915266310976,anticlinal,0.9060527835408874,1.767106767922664,1.929999407305837,0.6743379695052407,1.1216735317701814,1.0714213762091405,4,Ablated
173,0.1129883592182433,0.4707696656881357,periclinal,0.5323603778506376,1.175180421115171,1.2835090428044615,0.7210080039165184,1.1857121713196628,1.132591017261814,4,Ablated
174,0.1407785424257446,0.4216288926968556,anticlinal,0.4549169333552051,1.052510507340238,1.1495313651804913,0.9335442520607592,1.477345386460796,1.411158757218817,4,Ablated
175,0.0698483643582173,0.5805498803787447,periclinal,0.705368603923871,1.449224329066726,1.5828144325653948,0.3910780936294615,0.7329963576720075,0.700157348862306,4,Ablated
176,0.1370153965451794,0.358497257179898,anticlinal,0.3554245767345445,0.894915259770366,0.9774089219159986,0.9047641284932796,1.437854522942555,1.37343712597766,4,Ablated
177,0.0758081591952622,0.4663680060822464,periclinal,0.5254235785162649,1.1641925759622904,1.271508333499524,0.4366579455115833,0.7955390950455336,0.7598981057319791,4,Ablated
178,0.0904557056005207,0.5906194070979566,anticlinal,0.7212376834296601,1.4743608480754784,1.6102680463873005,0.548680760699502,0.9492520454136136,0.9067245540342996,4,Ablated
179,0.1421847083764752,0.4109088560029211,anticlinal,0.4380226820815626,1.025750122900571,1.1203041973345165,0.9442984537587094,1.49210184539349,1.4252541112499402,4,Ablated
180,0.1430367474471512,0.5079233039953724,anticlinal,0.5909126868784266,1.2679268988391277,1.3848049295534923,0.9508147543531188,1.501043236378636,1.433794918501949,4,Ablated
181,0.1393505664202053,0.4543749072723776,anticlinal,0.5065230438792716,1.134254251688028,1.2388102819986622,0.9226232494753788,1.4623600504329497,1.3968447800274562,4,Ablated
182,0.1055361859777005,0.3659792943770866,periclinal,0.3672158998481645,0.9135926391026536,0.9978079898702892,0.6640146070310183,1.1075082521262989,1.0578907160120647,4,Ablated
183,0.1053541327139227,0.3236682660678346,anticlinal,0.3005357975023248,0.807971789480575,0.882450966248346,0.6626222838010187,1.105597765309928,1.0560658210171772,4,Ablated
184,0.0803301112929013,0.367587279738365,periclinal,0.3697500057951288,0.9176066464861836,1.0021920101297108,0.4712413351187734,0.8429929538093267,0.8052259816451237,4,Ablated
185,0.1288565710075388,0.581992451077251,anticlinal,0.7076420244872865,1.4528254124935456,1.5867474653654396,0.8423663329808883,1.3522349174310857,1.2916533689669991,4,Ablated
186,0.0593450786069801,0.4039047301263242,periclinal,0.4269845237347351,1.008265751673782,1.1012081094708006,0.3107501256529047,0.6227737308433895,0.5948728118012132,4,Ablated
187,0.0277435952356277,0.3721053551587566,periclinal,0.3768702707349449,0.9288850999681104,1.014510116160754,0.0690654753074937,0.29114431588045,0.2781007438981034,4,Ablated
188,0.100852150839652,0.5394373549949912,anticlinal,0.6405772833195179,1.346595297472337,1.470725014005593,0.6281916242538514,1.0583534762493834,1.0109381258638583,4,Ablated
189,0.1118060198816757,0.5608514373618327,anticlinal,0.674324825294313,1.4000511850705213,1.5291084876328176,0.7119656034130338,1.173304573300734,1.120739292701718,4,Ablated
190,0.1055289794819177,0.328162941336197,anticlinal,0.3076191849519318,0.8191918292572017,0.894705273974355,0.6639594925481622,1.107432626373155,1.0578184783723106,4,Ablated
191,0.1459779484815981,0.3429404399785898,anticlinal,0.330907796958433,0.8560808396232613,0.9349947287118796,0.9733087346277992,1.5319085209882255,1.463277405853954,4,Ablated
192,0.1275538280759788,0.2856447220188587,anticlinal,0.2406125597543346,0.7130537695557987,0.7787833636321133,0.8324030990970805,1.338563790947447,1.2785947233481505,4,Ablated
193,0.0621533038411801,0.3107041117775731,periclinal,0.2801049271253724,0.7756094233201262,0.847105423668536,0.3322271217117055,0.6522435528944064,0.6230223547869598,4,Ablated
194,0.1039405096130906,0.320979929176271,anticlinal,0.2962991106092682,0.8012609049215431,0.8751214695498215,0.6518110506437008,1.0907630502303185,1.0418957167969392,4,Ablated
195,0.0739591411278436,0.2641785960214488,anticlinal,0.2067829995740875,0.6594679656521569,0.7202579979601724,0.4225168597956039,0.77613529767475,0.7413636189193333,4,Ablated
196,0.1226871320536849,0.1729180420930789,anticlinal,0.0629608491974899,0.4316546123003027,0.4714447146166297,0.7951831460757691,1.2874921518186695,1.2298111474405906,4,Ablated
197,0.0924507900646257,0.2926150465118202,periclinal,0.2515974487808382,0.7304537625247048,0.7977872952149186,0.5639389460653789,0.9701886794904988,0.926723204854242,4,Ablated
198,0.0554422272690172,0.2643856639363119,periclinal,0.2071093284369715,0.659984868454364,0.7208225490784205,0.2809015501958183,0.5818167830100714,0.5557507783663629,4,Ablated
199,0.1337728063039331,0.1767937627093543,anticlinal,0.0690687945177556,0.4413295580708668,0.4820115009262399,0.8799651568924881,1.4038264271081715,1.3409335246747798,4,Ablated
200,0.0995681974823683,0.2550677367623775,anticlinal,0.1924247328968256,0.6367245643645104,0.6954181004496913,0.6183720909563664,1.0448795296085849,0.9980678262232224,4,Ablated
201,0.1247239691511941,0.2805949758686043,anticlinal,0.2326544078593156,0.7004481085714482,0.7650157075571525,0.8107606509649329,1.3088669425866917,1.2502283250704438,4,Ablated
202,0.0558298890953239,0.2296192324528796,periclinal,0.1523191401066168,0.5731975655136567,0.6260351563312677,0.2838663449759306,0.5858849485183428,0.5596366857753038,4,Ablated
203,0.0657906427792187,0.1329670195383609,anticlinal,0.0,0.3319250355417669,0.3625220238495601,0.3600450876944197,0.6904141846292802,0.6594829020191023,4,Ablated
204,0.0187129370355929,0.193038440468586,periclinal,0.0946696087462269,0.4818810817593551,0.526301080992834,0.0,0.1963756032723992,0.1875777694245557,4,Ablated
205,0.0775599252488869,0.200383411170087,anticlinal,0.1062449217951935,0.5002163025502941,0.5463264500886319,0.4500552585801545,0.8139223191710866,0.7774577420556404,4,Ablated
206,0.0999537084769556,0.2817223603874491,anticlinal,0.234431110485171,0.7032623940069344,0.7680894149986461,0.6213204364133269,1.0489251240540869,1.0019321737767777,4,Ablated
207,0.099453472798378,0.225869031170665,periclinal,0.3125599998803655,1.096711616445238,1.220563576979384,0.9296072145802188,2.3047399023685227,2.563921126582788,5,Control
208,0.0462890438711781,0.1050175707620919,anticlinal,0.0851782031946665,0.5099149236560073,0.567499763693643,0.2882797488363044,1.0727046874338146,1.1933364835960445,5,Control
209,0.0799835632772785,0.2010601933423393,periclinal,0.2658822179154843,0.9762518061923104,1.0865002054605022,0.6947398797212588,1.8535432160571872,2.0619847843999093,5,Control
210,0.0456105815959386,0.1529756998916835,anticlinal,0.1754113334382271,0.7427765826749567,0.8266585573196011,0.2800953951178055,1.0569819677137475,1.1758456538428943,5,Control
211,0.0263749253970069,0.1736223918871429,periclinal,0.2142580458045658,0.8430270102578247,0.938230294729358,0.0480538799371426,0.6112138799588126,0.6799483872677183,5,Control
212,0.0542999189502072,0.1545542332633254,anticlinal,0.1783813410240586,0.7504411831589339,0.8351887233564704,0.3849156822319197,1.2583491192271412,1.399857696778589,5,Control
213,0.03527957276108,0.1512202817972684,periclinal,0.1721085175773906,0.7342531148675946,0.8171725318237255,0.1554714717853356,0.817570636731962,0.9095111451997776,5,Control
214,0.039182215672099,0.1299613002872558,anticlinal,0.132109783634811,0.6310297032516451,0.7022920704328348,0.2025494172901128,0.9080106846119992,1.01012169531456,5,Control
215,0.0586162223282234,0.0676214577462168,anticlinal,0.0148174865110316,0.3283373459693158,0.3654165775604663,0.4369836525395775,1.3583753560807246,1.5111324578125434,5,Control
216,0.0261563227417492,0.1302208051092941,periclinal,0.1325980414720284,0.6322897341260763,0.7036943969589138,0.0454168557137981,0.6061479707636909,0.6743127875207037,5,Control
217,0.0384874661552593,0.0597460916855038,anticlinal,0.0,0.2900983479190851,0.3228592383835744,0.1941685890567887,0.8919105235159871,0.9922109787373748,5,Control
218,0.0319226027471848,0.1325012289538817,periclinal,0.1368886546697028,0.6433623778958556,0.7160174775970728,0.1149760293432137,0.7397760406823709,0.8229681005201844,5,Control
219,0.0423610553070092,0.2870577858299005,anticlinal,0.4276865273078353,1.3938148434028816,1.5512187574204737,0.2408960563531392,0.9816772780819012,1.0920725198422063,5,Control
220,0.0457994781076262,0.2710071686665715,anticlinal,0.3974873211404172,1.3158807494595752,1.4644835436726584,0.2823740713600419,1.061359465207347,1.180715426043162,5,Control
221,0.0437885731267691,0.2341887334530095,anticlinal,0.3282135041611907,1.1371080979421584,1.2655220448335671,0.2581163369829658,1.0147586495812408,1.128874081353041,5,Control
222,0.0309056853304687,0.2169169063298704,periclinal,0.2957165937388691,1.0532443945163092,1.1721875890866915,0.1027088596793316,0.716209944076871,0.7967518611537213,5,Control
223,0.0355299779165869,0.1689744928462588,anticlinal,0.2055130324538211,0.8204590431319962,0.9131137205386536,0.1584921325359738,0.8233735387062919,0.9159666167921182,5,Control
224,0.0393061579858123,0.1434005856570569,anticlinal,0.1573957739176426,0.6962844232342472,0.7749160248456765,0.2040445449827473,0.9108829301753686,1.0133169413694785,5,Control
225,0.0362712476725473,0.257479858951442,periclinal,0.3720357132165146,1.2501986255006454,1.3913839184286343,0.1674341387535827,0.8405517622203591,0.935076630091066,5,Control
226,0.0597746573251908,0.0670376371716746,anticlinal,0.0137190291921653,0.3255025934461319,0.3622616956136848,0.4509579619759011,1.3852209883818054,1.5409970354781095,5,Control
227,0.0366143033208934,0.1549577613363059,periclinal,0.1791405783385041,0.7524005218203953,0.8373693307005403,0.1715724510425049,0.8485017514890006,0.9439206412617102,5,Control
228,0.0368851985268651,0.1803009169606495,anticlinal,0.2268236782370613,0.8754547228613341,0.9743200783106511,0.1748402851833722,0.854779490948427,0.9509043485384682,5,Control
229,0.0434931563074066,0.2438543819528263,periclinal,0.3463994037323711,1.1840398483254857,1.317753811382598,0.2545526963321969,1.0079126449897686,1.121258204270026,5,Control
230,0.0388968085190053,0.1636794876291681,anticlinal,0.1955504900430648,0.7947490389732862,0.8845002781627772,0.1991065241773242,0.9013966445423268,1.0027638684945916,5,Control
231,0.0356422282465826,0.1459420732585815,anticlinal,0.1621775780856302,0.7086246673181631,0.7886498562686385,0.1598462187383036,0.825974833636632,0.9188604422608913,5,Control
232,0.0436461243297773,0.1422757989705049,periclinal,0.1552794898709982,0.6908229988912508,0.7688378402695921,0.2563979638561126,1.0114575338209406,1.125201736187137,5,Control
233,0.0362868885324973,0.2145771572925879,periclinal,0.2913143603021172,1.0418836960821118,1.15954392368742,0.1676228159062621,0.840914224314642,0.9354798531272804,5,Control
234,0.0427075310083585,0.107818162254905,periclinal,0.0904475108494158,0.523513251887048,0.5826337550708991,0.2450756250604875,0.9897065238350348,1.101004700343715,5,Control
235,0.0677978259242421,0.0755610660994193,anticlinal,0.0297558447752061,0.3668882737607559,0.4083210727946003,0.5477421932503809,1.5711503108414768,1.747835176916835,5,Control
236,0.0341523289307771,0.3663413994107226,anticlinal,0.5768584979467862,1.778778021210747,1.979655938412056,0.141873424302242,0.7914478301340994,0.8804506791345763,5,Control
237,0.0336553961842721,0.3441657507092583,anticlinal,0.5351350563982707,1.6711037136394342,1.8598219400962528,0.1358788782233664,0.7799318850651376,0.867639699976132,5,Control
238,0.0258096985104549,0.3001920344283823,periclinal,0.4523985914760525,1.4575884512170076,1.6221943372386134,0.0412354952758666,0.5981152829699585,0.6653767779013845,5,Control
239,0.0529583546709568,0.3533804243814508,anticlinal,0.5524724476749002,1.7158457466913657,1.9096167039013483,0.3687322671796785,1.227259639503803,1.3652720267013636,5,Control
240,0.027441909910721,0.1787929675720662,periclinal,0.2239864742833154,0.8681328443244697,0.96617133790966,0.0609250136627635,0.6359402340495492,0.7074553617299799,5,Control
241,0.0377437254647742,0.1883452357331699,anticlinal,0.2419590489593039,0.9145140741964248,1.0177904135064977,0.1851967757254989,0.874675038437942,0.9730372644830728,5,Control
242,0.0399203447514909,0.1747702096770585,anticlinal,0.2164176628291053,0.8486002625856827,0.944432936057028,0.2114535372332887,0.9251161259254632,1.0291507416368986,5,Control
243,0.0595306214207507,0.1883697825390235,anticlinal,0.2420052337285985,0.9146332617051628,1.0179230608951229,0.4480141340950562,1.379565687759836,1.5347057638569852,5,Control
244,0.0349389652918645,0.1761060062221776,periclinal,0.2189309615299142,0.8550862495341659,0.951651387390426,0.1513626921096524,0.8096773816926229,0.900730248348003,5,Control
245,0.0382427236173516,0.1794234980865616,anticlinal,0.2251728162668249,0.8711943978990624,0.9695786336162844,0.1912162369905034,0.8862388473336338,0.9859014900301556,5,Control
246,0.0253667387618862,0.1802184863254612,periclinal,0.2266685851511548,0.8750544792569166,0.9738746350800468,0.0358920305061215,0.587850110935805,0.6539572283811432,5,Control
247,0.0223913799836961,0.1677525820978975,anticlinal,0.2032140096665693,0.8145260309565705,0.9065106915796168,0.0,0.5188989933226542,0.5772521620228206,5,Control
248,0.0355330701419146,0.2360557782933676,periclinal,0.3317263455357024,1.146173571655984,1.2756112851199284,0.1585294343385683,0.8234451980953431,0.916046334690575,5,Control
249,0.0393666831248665,0.2174400500167808,periclinal,0.2967008876071625,1.055784529193166,1.175014581908417,0.2047746653814187,0.9122855428660036,1.0148772859039037,5,Control
250,0.076067193572463,0.100192507814044,anticlinal,0.0760998562840081,0.4864867336213796,0.5414258213718642,0.6474963466223715,1.76278506275052,1.961020356078316,5,Control
251,0.0409857834621622,0.3113296159406017,anticlinal,0.4733539302565693,1.5116672018994215,1.6823802169008073,0.2243060237925999,0.9498066574968482,1.056617865131995,5,Control
252,0.0319996418726678,0.3265353605291224,anticlinal,0.5019635102549622,1.585499000090159,1.7645498614483868,0.1159053595007296,0.7415613493452898,0.8249541773844872,5,Control
253,0.0282272883692898,0.229488144792549,anticlinal,0.3193693553897779,1.1142842953104353,1.2401207435591783,0.070399107274744,0.6541406349102988,0.7277025020824317,5,Control
254,0.0399933237398403,0.1537089522043922,anticlinal,0.1767909462929165,0.7463369040034942,0.8306209467671034,0.2123338895778006,0.9268073447612742,1.0310321477332454,5,Control
255,0.0255873868525343,0.3111104275613701,periclinal,0.472941527731074,1.5106029283226183,1.6811957546006833,0.0385537290073947,0.5929634211560428,0.6596455596704859,5,Control
256,0.0494187158934668,0.1817608946326719,anticlinal,0.229570623495837,0.8825436737651335,0.9822095864935024,0.3260332744015365,1.1452318681157614,1.274019761830968,5,Control
257,0.0420724570915316,0.1719456375094659,anticlinal,0.2111032355796182,0.8348854957067026,0.9291693565815916,0.2374146691571264,0.9749892881681445,1.0846324270939391,5,Control
258,0.0356544835654734,0.1995930747203988,periclinal,0.263121836972796,0.9691281822627886,1.07857210861709,0.1599940557933548,0.8262588390279871,0.9191763856878308,5,Control
259,0.0399493712818628,0.1756735310952067,periclinal,0.2181172603875361,0.8529863578707786,0.9493143543532082,0.2118036869769883,0.92578878823572,1.0298990486829778,5,Control
260,0.0513281318901642,0.1895780000234656,anticlinal,0.2442784926654017,0.9204997859626588,1.0244520934363983,0.3490667376950045,1.1894807727943426,1.3232447096947038,5,Control
261,0.0349042417343081,0.0939048710519256,anticlinal,0.0642696794781669,0.4559569870631051,0.507448341691086,0.150943818595563,0.8088726961808882,0.8998350713340277,5,Control
262,0.0348868445694859,0.1789884590855848,periclinal,0.2243542912003008,0.8690820572939554,0.967227745774752,0.1507339549733685,0.8084695333870144,0.8993865705710555,5,Control
263,0.034857461876394,0.4795173524932775,anticlinal,0.7897988419569124,2.3283061340493503,2.591242420217601,0.1503795088055531,0.8077886173435379,0.8986290816121041,5,Control
264,0.0330435266167127,0.5912374519003297,anticlinal,1.0,2.870765320132068,3.194961679321034,0.1284978385499028,0.7657523881836356,0.851865637323146,5,Control
265,0.0311740445377128,0.3896073228406941,anticlinal,0.6206332893574454,1.891746179619748,2.1053816236741376,0.1059461018309698,0.7224289141711316,0.8036701901130434,5,Control
266,0.0352237033356854,0.4009697749807154,periclinal,0.6420117218035132,1.9469167941510013,2.166782671685906,0.1547975136948621,0.8162759157895331,0.9080708254596148,5,Control
267,0.0362297049951382,0.239734508623703,periclinal,0.3386478697705432,1.1640357206462093,1.2954906117698224,0.1669330055605701,0.839589050073846,0.9340056554406396,5,Control
268,0.0447992565100182,0.2326534999997793,anticlinal,0.3253249652908512,1.1296537410815195,1.2572258652933224,0.2703083049195765,1.0381802783740066,1.1549296066724226,5,Control
269,0.042243680944381,0.1357008018014372,periclinal,0.1429086449970379,0.6588979681066511,0.733307506510632,0.2394801584671529,0.9789572385553496,1.0890465962661449,5,Control
270,0.0547008061190665,0.1886619044263207,anticlinal,0.2425548605130849,0.9160516653949304,1.0195016453244508,0.3897516215477697,1.2676392991315732,1.410192610710634,5,Control
271,0.0371965781516617,0.1534465793078772,anticlinal,0.1762972921789363,0.7450629471358482,0.8292031215813619,0.1785964866452281,0.8619954184154155,0.9589317484465826,5,Control
272,0.0443553734876759,0.2013630162429409,periclinal,0.2664519786364848,0.9777221688670608,1.0881366166180384,0.2649537026121702,1.027893710345858,1.1434862550559133,5,Control
273,0.0326906220472081,0.1028930621217126,anticlinal,0.0811809441620444,0.4995993292911396,0.5560192262689899,0.1242407178062616,0.7575741595086621,0.8427677199155285,5,Control
274,0.054849278112391,0.1455121865004792,anticlinal,0.1613687469544364,0.7065373435317934,0.7863268104024305,0.391542653053876,1.2710799967539976,1.4140202345198332,5,Control
275,0.0403037121353153,0.1705092742123111,anticlinal,0.2084007207229812,0.8279112048742644,0.9214074570651744,0.2160781337478804,0.934000301428897,1.039033993643823,5,Control
276,0.0313057305327743,0.160178619024613,periclinal,0.1889636123125594,0.7777505011641658,0.8655820905548361,0.107534642274099,0.7254806122050103,0.807065069098291,5,Control
277,0.0362872244504312,0.24917785124355,anticlinal,0.3564155012444208,1.2098880603652973,1.3465210694956236,0.1676268681156355,0.8409220088941477,0.9354885131274112,5,Control
278,0.0369022670651693,0.2226902884633808,periclinal,0.3065792014229843,1.0812771673988122,1.2033861111311848,0.1750461845532232,0.8551750381344423,0.951344377274788,5,Control
279,0.038682389816889,0.2959284019027943,anticlinal,0.4443765748550022,1.4368862978725196,1.599154283720054,0.1965199713710368,0.8964276944928575,0.9972361315054084,5,Control
280,0.0329493423128481,0.2615046411136516,periclinal,0.3796083333256783,1.26974103610948,1.413133259128456,0.1273616845061335,0.7635697562736011,0.8494375559331636,5,Control
281,0.0439976314537481,0.2434551417054332,periclinal,0.3456482339537471,1.1821013292872664,1.3155963748278534,0.2606382270839148,1.019603378021119,1.1342636272999802,5,Control
282,0.0270538185606738,0.2063339136316148,anticlinal,0.2758047127743733,1.0018584609565984,1.1149986271649068,0.056243431502938,0.6269465851094954,0.6974503253704429,5,Control
283,0.0504653808766948,0.2121101271319384,periclinal,0.2866726476698509,1.0299049815975183,1.1462124495061576,0.3386592917353393,1.169487336360174,1.3010028966320344,5,Control
284,0.0349292095752772,0.1597116133336311,anticlinal,0.1880849419785898,0.7754829456538271,0.8630584593438628,0.1512450079903701,0.8094513022138247,0.9004787449348056,5,Control
285,0.0498939253251015,0.1604094084991134,anticlinal,0.1893978422771013,0.7788711040920043,0.8668292434959252,0.3317657701066105,1.1562443959667568,1.2862707116172023,5,Control
286,0.0415778771589057,0.2495187938681111,periclinal,0.357056984154742,1.2115435141252022,1.3483634741281767,0.2314485052915635,0.9635278673292316,1.071882103728016,5,Control
287,0.0520659740744095,0.1598891407012241,anticlinal,0.1884189593886212,0.7763449333520392,0.8640177915625294,0.3579673967952645,1.2065795655849014,1.342266359829594,5,Control
288,0.0572340640370027,0.2245551271132822,anticlinal,0.3100878918542787,1.0903319289105733,1.213463429483399,0.4203105481340114,1.3263451486326268,1.4755002697809951,5,Control
289,0.0483170737759635,0.2759561323289891,anticlinal,0.406798787013385,1.3399105419008317,1.4912270275351152,0.312744062768273,1.1197023569292897,1.2456193106498783,5,Control
290,0.0813306068598096,0.2106660690532302,periclinal,0.2839556550961156,1.0228933285987316,1.1384089685031231,0.7109893921201267,1.884759673437039,2.096711711499589,5,Control
291,0.0369169532066828,0.3006063469955267,anticlinal,0.4531781197960932,1.4596001542064414,1.6244332224293825,0.1752233448483381,0.855515375534489,0.9517229875679708,5,Control
292,0.0319531352267807,0.2382322660943907,anticlinal,0.33582140326184,1.1567415518791329,1.2873727104109478,0.1153443454928879,0.7404836019375269,0.8237552310977311,5,Control
293,0.0602094498107948,0.1717269937650169,periclinal,0.2106918577834473,0.8338238666150226,0.9279878374090615,0.4562029042905978,1.3952968918432482,1.5522060320888131,5,Control
294,0.094329049685619,0.2044495011388918,periclinal,0.2722591941944263,0.9927086582579616,1.104815534597052,0.8677908205246091,2.185986257148527,2.431812952673288,5,Control
295,0.0348067713395495,0.0882783416657351,anticlinal,0.0536833749634213,0.4286372606441118,0.4770433906537777,0.1497680241307872,0.8066139122311805,0.8973222741706298,5,Control
296,0.1052888571181444,0.1738551322829964,periclinal,0.214695946423984,0.8441570859234687,0.9394879901672768,1.0,2.439969399227688,2.714357956169528,5,Control
297,0.0573155478599447,0.5792186165372545,periclinal,0.560707232522104,1.4368285669807592,1.492060795079074,0.2281979349139798,0.7022581804130886,0.7156895391415423,5,Ablated
298,0.0803613687140712,0.5166820470099134,periclinal,0.4922143715207446,1.2816983156172264,1.330967278768586,0.3712283064552333,0.984626871343027,1.0034588010969872,5,Ablated
299,0.1012515528725357,0.5884303990731578,periclinal,0.5707963906830824,1.4596796147932891,1.5157902457255057,0.5008800476825539,1.2405836450873122,1.2643109927132503,5,Ablated
300,0.0870424177009806,0.3984512969046783,anticlinal,0.362722741355392,0.988411265794236,1.026406164936593,0.4126932178129849,1.066486357642671,1.0868839282912246,5,Ablated
301,0.0758845637374339,0.4207684787830096,anticlinal,0.3871655217619238,1.04377199409574,1.08389498036241,0.3434436992946033,0.9297748628681216,0.9475576955473148,5,Ablated
302,0.0989834882898164,0.7341274062364299,anticlinal,0.7303702997633545,1.821100356528591,1.891104136097832,0.4868036508382288,1.2127942063330683,1.2359900543892175,5,Ablated
303,0.1005238895219329,0.5100998826507854,periclinal,0.4850052893477811,1.2653703843081514,1.3140116956664156,0.4963639161004999,1.2316679571173332,1.2552247836916477,5,Ablated
304,0.0852318168475112,0.3723361496127925,periclinal,0.3341202585679226,0.923629180777329,0.9591338323156472,0.4014559998191517,1.0443019886836782,1.064275262078083,5,Ablated
305,0.0973667684268139,0.4356175734891213,anticlinal,0.4034289175220168,1.0806071421009864,1.122146085248954,0.4767697256356053,1.1929853622825128,1.21580234726827,5,Ablated
306,0.0563943749748346,0.1584807826735873,periclinal,0.0998962511932021,0.3931325916701327,0.40824475569234,0.2224808159254649,0.6909715187951257,0.7041870093354035,5,Ablated
307,0.1175147887319908,0.0945086105284905,anticlinal,0.0298310536966639,0.2344411376913327,0.2434531428046535,0.601815340122979,1.439848780791815,1.4673872645417168,5,Ablated
308,0.0496669611554796,0.3041531852450567,periclinal,0.2594432122189347,0.7544922984535669,0.7834952649063956,0.1807281483079951,0.6085439478468297,0.6201829323307873,5,Ablated
309,0.1192146170745806,0.2882523615999588,periclinal,0.2420279156658568,0.7150481973844667,0.7425349178233681,0.6123650654261437,1.4606759106623812,1.4886127331719845,5,Ablated
310,0.1039953386166717,0.5359485332987354,anticlinal,0.513315893035895,1.3294913890695572,1.3805975358593143,0.517908935344982,1.2742018526429426,1.2985721806115544,5,Ablated
311,0.0337705732834594,0.5220545936556804,periclinal,0.4980986260203612,1.2950256298258471,1.3448068999254572,0.0820696419397214,0.4137736134617478,0.4216874291918888,5,Ablated
312,0.0767828665262856,0.3713512484892548,anticlinal,0.3330415506012975,0.9211860029692496,0.9565967378378396,0.3490188785194732,0.9407813088590156,0.958774650334763,5,Ablated
313,0.0969941622816407,0.412107369423133,periclinal,0.3776794856076022,1.0222869641006536,1.0615840577697948,0.4744572024358454,1.1884200091926411,1.2111496774382275,5,Ablated
314,0.0394508983246151,0.2709781498196163,periclinal,0.2231084227144284,0.6721972249719195,0.698036737986836,0.1173237127864147,0.4833717395636642,0.4926166859585317,5,Ablated
315,0.0698812738101199,0.9068785676310736,anticlinal,0.9195751342251112,2.249632514481016,2.336109230654814,0.3061851961495594,0.856219612708958,0.8725956309446827,5,Ablated
316,0.074075203982084,0.9689326155981448,anticlinal,0.9875395159317554,2.403565807145043,2.4959597767252166,0.3322141839869221,0.9076057004515012,0.9249645267161988,5,Ablated
317,0.0719495122551609,0.9803095082682092,anticlinal,1.0,2.431787697680171,2.525266527299477,0.3190214025534267,0.8815606836976543,0.898421374130166,5,Ablated
318,0.0205470722513055,0.7404014771178723,periclinal,0.7372419441155034,1.8366640211214376,1.9072660737850424,0.0,0.2517527985124979,0.2565678113411479,5,Ablated
319,0.0294736869814687,0.0753690106532061,periclinal,0.0088685038832088,0.1869628228094746,0.1941497437217006,0.0554016725870824,0.3611260567594815,0.3680329376614246,5,Ablated
320,0.1000981040264216,0.1776603651318083,anticlinal,0.1209025917280903,0.4407100886495699,0.4576511494698392,0.493721343375261,1.22645102456607,1.249908072320411,5,Ablated
321,0.0530586449210825,0.1125390931149561,anticlinal,0.0495788484176757,0.2791681400994409,0.2898994679322074,0.2017781162052221,0.6501005194701013,0.662534313094863,5,Ablated
322,0.0680603218870426,0.2033043916463847,periclinal,0.1489890818706322,0.5043234961205391,0.5237098801423999,0.2948837358212384,0.8339084173724889,0.8498577126784097,5,Ablated
323,0.0411719664434508,0.1682411871584459,anticlinal,0.1105862847647779,0.4173445689594191,0.43338745045418,0.1280052595207678,0.5044591095815509,0.5141073720776042,5,Ablated
324,0.1001141134563929,0.3955746182285722,anticlinal,0.3595720736069482,0.9812752829686776,1.0189958722593344,0.4938207034601743,1.2266471799476533,1.2501079793610992,5,Ablated
325,0.1119156904250756,0.5775383069686181,periclinal,0.5588668819785144,1.432660336332336,1.487732336083838,0.5670653906113869,1.3712458844437507,1.3974722722489394,5,Ablated
326,0.0784536019362358,0.2671916329069038,anticlinal,0.2189612592460465,0.662804267780615,0.6882827120041459,0.3593880429742733,0.9612519778616104,0.97963684044235,5,Ablated
327,0.1125702724445138,0.410241275552428,anticlinal,0.375635655748246,1.0176578708609958,1.0567770204527591,0.5711279540599662,1.379266144130095,1.4056459270653756,5,Ablated
328,0.1207523493610576,0.2739028584059401,anticlinal,0.2263116949787469,0.6794523523572348,0.7055707551853391,0.6219087662844448,1.4795169602167284,1.5078141358022277,5,Ablated
329,0.0861523231955324,0.2620595344454742,anticlinal,0.2133403544023565,0.650073417170143,0.6750624827294672,0.4071689820469027,1.0555804835625842,1.0757694689484771,5,Ablated
330,0.0814080958594584,0.3496463264557882,anticlinal,0.3092693446885057,0.8673440663819625,0.9006850970484064,0.3777246588071279,0.9974518852869712,1.016529105687282,5,Ablated
331,0.0909032413336124,0.4284233303989383,periclinal,0.3955494592192959,1.062760868354511,1.1036137940575843,0.4366548307286599,1.113791060823265,1.135093379121163,5,Ablated
332,0.0471688890439071,0.3511615298241953,periclinal,0.310928863502625,0.8711027292121182,0.904588244285088,0.1652242448229914,0.577936344131685,0.5889899289481375,5,Ablated
333,0.1202094230944554,0.2949973560631296,anticlinal,0.2494153366854718,0.73178005035347,0.7599099494853128,0.6185391772330002,1.4728647615321029,1.5010347074613897,5,Ablated
334,0.0469914091809392,0.2449038200669497,periclinal,0.1945506451300311,0.6075163932723429,0.6308695508986505,0.1641227431276486,0.5757617738748962,0.5867737679573228,5,Ablated
335,0.1114185293842727,0.1681810445155658,anticlinal,0.1105204138398108,0.4171953771604739,0.4332325236666223,0.56397983645248,1.365154423733305,1.3912643065318393,5,Ablated
336,0.09761816013284,0.2617023441415086,anticlinal,0.2129491435312541,0.6491873592674214,0.6741423644292034,0.4783299499097981,1.1960655366616575,1.218941432925612,5,Ablated
337,0.0497029372872791,0.2847154543917845,periclinal,0.2381541359619945,0.7062744301567379,0.7334238836982935,0.1809514286819278,0.6089847450440848,0.6206321601956343,5,Ablated
338,0.1182266895135345,0.3901839451102388,anticlinal,0.3536679661800714,0.9679030036417778,1.005109557508202,0.6062336437247127,1.4485713380410823,1.476276649033033,5,Ablated
339,0.1100808566014178,0.5621262354678115,anticlinal,0.5419868887357409,1.394428649752413,1.4480310091569093,0.5556777743847668,1.3487646012584116,1.3745610130411623,5,Ablated
340,0.0916015943726806,0.7431672558478838,anticlinal,0.7402711492597409,1.8435249019283872,1.9143906894190916,0.4409890523333983,1.122347624492522,1.1438135952466393,5,Ablated
341,0.0407712032668608,0.4514858832874508,periclinal,0.4208086034491177,1.1199705882627244,1.1630226770197811,0.1255179840008134,0.4995487627441379,0.5091031101649468,5,Ablated
342,0.1154189922703761,0.3882004127764499,anticlinal,0.3514955124388967,0.9629825887252887,1.0,0.5888080990931622,1.414170055478987,1.4412174090705148,5,Ablated
343,0.0681158434334761,0.425623053364129,periclinal,0.3924824699814767,1.055814409928972,1.096400311169245,0.2952283218294863,0.8345886945682569,0.8505510008255713,5,Ablated
344,0.0504218289968217,0.5530450693784741,periclinal,0.5320407875762375,1.3719016133517836,1.4246380250423691,0.1854131204118362,0.6177929585691667,0.6296088392208868,5,Ablated
345,0.0817242415197881,0.5623846514016113,anticlinal,0.542269917478252,1.3950696847351391,1.4486966857643904,0.3796867686206308,1.0013254568475387,1.0204767630052551,5,Ablated
346,0.0917238256463442,0.5095294493554143,anticlinal,0.4843805251705053,1.2639553488950184,1.312542265762178,0.4417476620872763,1.1238452619580546,1.145339876459736,5,Ablated
347,0.0900238123602443,0.601886792484575,anticlinal,0.5855344374047666,1.4930599826026731,1.550453767371904,0.4311967889604294,1.1030158660689702,1.124112098471181,5,Ablated
348,0.0355453392437004,0.5810316450600334,periclinal,0.5626929428279419,1.4413260245898625,1.4967311366426284,0.0930844561352674,0.4355189157476737,0.4438486311622999,5,Ablated
349,0.0768205164908088,0.8447893137444997,anticlinal,0.8515721934134646,2.0956118888663133,2.1761679945224124,0.3492525472808663,0.9412426146750796,0.9592447790653502,5,Ablated
350,0.0704602613425045,0.6615463521039333,anticlinal,0.650876267877647,1.641053429476065,1.7041361377554565,0.3097785939460144,0.8633136516941176,0.8798253502039936,5,Ablated
351,0.074470779680086,0.7277683291660663,anticlinal,0.7234055528133811,1.8053258228146123,1.8747232234015188,0.3346692642123586,0.9124524877590804,0.9299040134622814,5,Ablated
352,0.0892891698083607,0.434316653675322,anticlinal,0.4020040916856475,1.077380038036216,1.1187949300956277,0.4266373420302882,1.094014665504675,1.1149387413451857,5,Ablated
353,0.0387535346516544,0.8441719628465444,periclinal,0.8508960429696153,2.09408046811997,2.1745777053891784,0.1129956315314973,0.4748272980928054,0.4839088238800813,5,Ablated
354,0.0602377175319442,0.5309349008673602,periclinal,0.5078247375115428,1.317054409152014,1.3676824737770326,0.2463339352126121,0.7380620352716545,0.7521781769358996,5,Ablated
355,0.1310113291944731,0.2944865627888468,anticlinal,0.2488558929391917,0.7305129599192938,0.7585941516204173,0.6855795596354616,1.605215008647035,1.6359162795168931,5,Ablated
356,0.0905622496439178,0.5973878479537871,periclinal,0.5806069911964268,1.4818997542561758,1.5388645356691066,0.4345385178241115,1.1096130635348842,1.1308354736424442,5,Ablated
357,0.0928662829175287,0.5082462207655299,periclinal,0.4829750755575153,1.2607721302565449,1.309236683007367,0.4488381488615097,1.1378432083167331,1.159605546917968,5,Ablated
358,0.0800843727975874,0.4629586747529447,anticlinal,0.4333741201872896,1.1484303684734911,1.192576461837884,0.3695091735547015,0.981232981629766,1.0,5,Ablated
359,0.1693219785389324,0.2660623606865725,anticlinal,0.2177244295669572,0.6600029583272516,0.6853737191665169,0.9233487605855576,2.0746158589159003,2.114294869573273,5,Ablated
360,0.1816724374852164,0.2146694802776827,anticlinal,0.1614366376252102,0.5325161051726117,0.5529862236424331,1.0,2.225939734386438,2.268512958756536,5,Ablated
361,0.0875937313731054,0.525386618482191,periclinal,0.5017480093335199,1.303291159144019,1.3533901592854347,0.416114862017325,1.073241322930088,1.0937680887443288,5,Ablated
362,0.097776452486533,0.3731565395495698,periclinal,0.3350187864905654,0.9256642667769336,0.961247147783062,0.4793123672558393,1.198005012151788,1.2209180027377162,5,Ablated
363,0.0944563383884878,0.4181246889389903,periclinal,0.3842699243271453,1.0372137228929077,1.0770846067589648,0.4587065855825107,1.157325347168832,1.1794603002913615,5,Ablated
364,0.1743420516181988,0.0943064217611619,anticlinal,0.0296096074734166,0.2339395816492339,0.2429323067605017,0.9545050783507872,2.136124254417954,2.1769796719123597,5,Ablated
365,0.0842937667682695,0.328582251148562,anticlinal,0.2861990229064765,0.8150918350579889,0.8464242703878325,0.3956341350998388,1.0328085394123854,1.0525619896071527,5,Ablated
366,0.1047265735417967,0.6225043067840856,periclinal,0.6081156655051108,1.5442044601451448,1.603564257780845,0.5224472333594719,1.283161301294251,1.3077029872793322,5,Ablated
367,0.0803409651814221,0.5124700602062773,periclinal,0.4876012143095087,1.2712499239557316,1.3201172470194915,0.3711016750423615,0.9843768772620642,1.0032040256403494,5,Ablated
368,0.0969124545593567,0.3448522840759181,anticlinal,0.3040186940557506,0.8554518086988555,0.8883356965272101,0.4739500959218252,1.187418886137566,1.210129406948122,5,Ablated
369,0.0956701455721879,0.3933767839477048,periclinal,0.3571649067437633,0.9758232636618416,1.013334275288975,0.4662398947044982,1.1721975076213598,1.1946169050233246,5,Ablated
370,0.1078497284063977,0.6270821496194403,periclinal,0.6131295246818751,1.5555604061958923,1.6153567306497263,0.5418306175961315,1.3214277252272897,1.3467012931347675,5,Ablated
371,0.1369892768062434,0.2781852219427316,anticlinal,0.2310019319504841,0.6900753228353652,0.7166020766261474,0.722680779564999,1.6784597523369136,1.7105618989173172,5,Ablated
372,0.152943922437057,0.3746921982727825,anticlinal,0.3367007089284206,0.929473671826509,0.9652029877890772,0.821700853826129,1.873943889332504,1.9097848568237088,5,Ablated
373,0.0744843375500408,0.3104457149910021,periclinal,0.2663350735489285,0.7701017527069575,0.799704752425846,0.3347534090640092,0.91261860542593,0.9300733082882396,5,Ablated
374,0.0723820267567977,0.295633573588389,periclinal,0.2501121507073086,0.7333582722700437,0.7615488388432842,0.3217057378286884,0.8868600633295814,0.9038221094612646,5,Ablated
375,0.0628794001701651,0.307133885710852,anticlinal,0.2627078093056224,0.761886321118914,0.7911735165715007,0.2627291355237852,0.7704292255370085,0.7851644206428674,5,Ablated
376,0.1076682002103448,0.1162313604760843,anticlinal,0.0536227855420977,0.2883272987831095,0.2994107081050881,0.540703990539061,1.3192035528096189,1.344434581294348,5,Ablated
377,0.0650596375206141,0.2076916274707961,periclinal,0.1537941796841639,0.5152066162113282,0.5350113514443839,0.276260446048878,0.7971425620009004,0.8123886751919988,5,Ablated
378,0.0757735052820271,0.5700123893303871,anticlinal,0.550624158807112,1.4139912998983886,1.4683456548992284,0.3427544319328469,0.928414120247218,0.9461709274235572,5,Ablated
379,0.034636822043335,0.4210440454134986,periclinal,0.3874673347181085,1.04445557365532,1.0846048369762094,0.0874458827235238,0.4243873177812434,0.4325041307481969,5,Ablated
380,0.0642055367592212,0.8593724432612598,anticlinal,0.8675442921471435,2.131787274959612,2.2137339760020818,0.2709595999645073,0.7866777009120572,0.8017236636353532,5,Ablated
381,0.072980086015644,0.7416114400529776,anticlinal,0.7385671498912172,1.839665494590196,1.910382925017764,0.3254175013860778,0.8941877784536324,0.9112899741389074,5,Ablated
382,0.068627434447052,0.7244512841215176,anticlinal,0.7197725760305376,1.7970974528315098,1.8661785517953635,0.2984034334131477,0.8408569583766633,0.8569391511688214,5,Ablated
383,0.0792810506494087,0.5817820752991891,anticlinal,0.5635148477461392,1.4431875662847604,1.4986642366972849,0.3645234771870783,0.9713902849945704,0.989969052386674,5,Ablated
384,0.0443098950386383,0.5108923664053454,periclinal,0.4858732531657065,1.2673362453231638,1.3160531251149112,0.1474803346626122,0.5429065485017437,0.5532901550047882,5,Ablated
385,0.0517228080839163,0.455152517135628,periclinal,0.4248244655983243,1.1290661596192102,1.1724678855448134,0.1934874486543568,0.6337331919015089,0.6458539447470651,5,Ablated
386,0.046890894152745,0.4284656236379652,anticlinal,0.3955957806751075,1.0628657823408518,1.103722740976843,0.1634989119385101,0.5745302144911083,0.5855186538235292,5,Ablated
387,0.1299876237568404,0.5296480821500122,periclinal,0.5064153558296339,1.3138622847264134,1.3643676428933031,0.6792260880008341,1.5926720679485078,1.6231334430923634,5,Ablated
388,0.0634229195698116,0.565309882345599,periclinal,0.5454737618521559,1.40232610789789,1.4562320485504991,0.2661024057649884,0.7770886915783644,0.791951255335577,5,Ablated
389,0.0493435423097088,0.5994853489086949,periclinal,0.5829042684925839,1.4871028834464946,1.5442676750936792,0.1787208985785605,0.6045812616539434,0.6161444559780005,5,Ablated
390,0.0799435752761871,0.6972591554014964,periclinal,0.689990534789257,1.7296437726036205,1.796131926843215,0.3686353352164864,0.979507861398396,0.9982418851958028,5,Ablated
391,0.1254227070961203,0.5826514114745727,anticlinal,0.5644669837886825,1.4453440699181697,1.5009036371378095,0.6508946291141899,1.536740471940245,1.5661321018661811,5,Ablated
392,0.0913179700135352,0.5200954572920596,periclinal,0.4959528918419374,1.2901657323476037,1.339760186168486,0.4392287810146423,1.1188725198514404,1.1402720259087338,5,Ablated
393,0.0707733624519132,0.2833825712425033,anticlinal,0.2366943024443459,0.7029680368008342,0.7299903913437947,0.311721808218666,0.8671499199247902,0.8837349907302433,5,Ablated
394,0.0673124132947561,0.2097301345307612,periclinal,0.1560268442157134,0.5202634032242528,0.5402625232434695,0.2902419552350422,0.8247446747800272,0.8405187047526455,5,Ablated
395,0.0723157891834215,0.2018780726931376,anticlinal,0.1474269132619808,0.5007853228658474,0.5200356981830199,0.3212946444339266,0.8860484881202186,0.9029950121005392,5,Ablated
396,0.0832004948802655,0.0672717315851763,anticlinal,0.0,0.1668764486019006,0.1732912417687602,0.3888489099031926,1.0194132364722035,1.0389104886986398,5,Ablated
397,0.051545958378916,0.1480498323968943,periclinal,0.08847180573971,0.3672572366480373,0.3813747423348328,0.1923898579383105,0.6315663426489538,0.6436456524320677,5,Ablated
398,0.10961391699804,0.4412075871569781,anticlinal,0.4095513516760173,1.0944739120881233,1.1365458990664523,0.552779784967024,1.3430434284096024,1.3687304172948735,5,Ablated
399,0.0830991500274455,0.5228928802100377,anticlinal,0.4990167551227545,1.297105110757964,1.3469663168832129,0.3882199285341018,1.0181715096704365,1.037645012685283,5,Ablated
400,0.0674009859442273,0.447205945978844,anticlinal,0.41612102379151,1.1093536363652583,1.1519976055161312,0.2907916678724198,0.825829910287223,0.8416246964258902,5,Ablated
401,0.0289313255216781,0.438762958579147,periclinal,0.4068738846091976,1.0884096868094466,1.13024856269747,0.0520355889229541,0.3544807783647006,0.3612605619675874,5,Ablated
402,0.0577873771032974,0.3353217144496904,periclinal,0.2935803859488821,0.831809967246264,0.8637850538371005,0.2311262711363222,0.7080392635270835,0.7215811909940848,5,Ablated
403,0.0486949415215499,0.4304253216062676,periclinal,0.397742129948214,1.067727072953962,1.1087709014213063,0.1746954567294929,0.5966342869443941,0.6080454877835662,5,Ablated
404,0.0855160455154732,0.4726760095565945,anticlinal,0.4440169819086872,1.1725355057086693,1.217608209573932,0.4032200216883926,1.0477844976125297,1.067824377317837,5,Ablated
405,0.0657378233355222,0.4827702627106849,periclinal,0.4550726615441582,1.197575638881253,1.2436108948413052,0.2804695028533331,0.805452026956607,0.820857066604918,5,Ablated
406,0.0697643350075049,0.3899920445757929,anticlinal,0.3534577880917747,0.9674269689252848,1.0046152238389678,0.3054594333098896,0.8547868211923392,0.8711354359212348,5,Ablated
407,0.0880445881184607,0.3014103588494338,periclinal,0.2564391455026731,0.7476883539549244,0.776429774233663,0.4189130356301556,1.0787654407208456,1.099397860566289,5,Ablated
408,0.1058324387208867,0.327558648923958,periclinal,0.2850779277549454,0.812552654037999,0.8437874822987032,0.5293106168961644,1.2967109034082818,1.3215117384808317,5,Ablated
409,0.0840947343457278,0.2847728853869473,anticlinal,0.2382170369685349,0.7064168953540295,0.7335718253111115,0.3943988707312975,1.0303698966336603,1.050076705455091,5,Ablated
410,0.0991063688952015,0.088941768324748,anticlinal,0.0237339979713617,0.2206318475928388,0.2291130184242393,0.4875662905703825,1.2142997997290643,1.23752444369755,5,Ablated
411,0.1114864789458112,0.5045240978805958,anticlinal,0.4788984393218754,1.251538910988044,1.299648535333043,0.564401555040611,1.3659869750606086,1.392112781198804,5,Ablated
412,0.0984706874842243,0.4078701743521432,anticlinal,0.3730387191692375,1.0117760399900566,1.0506690898008406,0.4836210308649697,1.206511119560009,1.2295867975779515,5,Ablated
413,0.0764997907397622,0.3510474160170787,periclinal,0.310803880933414,0.8708196547851734,0.9042942883711816,0.3472620118330113,0.9373129255985304,0.95523993093028,5,Ablated
414,0.0434867367368109,0.3203560876664199,periclinal,0.2771893590215638,0.7946857459746357,0.8252337635995791,0.1423715282333299,0.5328208095911457,0.5430115167003091,5,Ablated
415,0.1186674570269531,0.4932547101122824,anticlinal,0.4665556994527171,1.2235837006139405,1.270618716205048,0.6089692000586194,1.453971837617828,1.481780438324518,5,Ablated
416,0.0367281618065817,0.2371857718896346,periclinal,0.1860974919589171,0.5883707515649051,0.6109879435553848,0.1004254639347789,0.450011437441618,0.4586183361816655,5,Ablated
417,0.0731793073716764,0.2380930869786946,anticlinal,0.1870912242142857,0.5906214669286614,0.6133251772604464,0.3266539383415079,0.8966287361380744,0.91377761747147,5,Ablated
418,0.0739975040722473,0.1284930747837022,anticlinal,0.067052366026887,0.3187441066935109,0.3309967495003582,0.331731951349473,0.906653683078597,0.9239943011013576,5,Ablated
419,0.0778449956829821,0.2436350598562966,periclinal,0.193161041936106,0.6043690653666667,0.627601238529844,0.3556108211050155,0.9537950357934244,0.9720372772317856,5,Ablated
420,0.0897880191580517,0.2721524428331462,periclinal,0.2243945611892196,0.6751102144713466,0.7010617038933151,0.4297333744207617,1.1001268122029904,1.1211677886894396,5,Ablated
421,0.0729352841568771,0.2224739965132705,anticlinal,0.1699844944991512,0.5518762423619116,0.573090571754196,0.3251394454840674,0.893638844124441,0.9107305409161476,5,Ablated
422,0.0866322363944934,0.3041848124923798,anticlinal,0.2594778518013602,0.7545707540334659,0.7835767363481616,0.4101474901065384,1.061460615262312,1.0817620637855987,5,Ablated
423,0.0956985330048753,0.2524241575257045,anticlinal,0.2027872566381282,0.6261715873313194,0.6502418576022126,0.466416076975031,1.1725453243581785,1.1949713740875838,5,Ablated
424,0.0829064749757504,0.2605790021651531,anticlinal,0.2117188089218401,0.6464007605704293,0.6712486478349285,0.3870241202179166,1.015810760514814,1.035239111946295,5,Ablated
425,0.058968224139155,0.3462708349260822,periclinal,0.305572354688849,0.85897071214401,0.8919898679383594,0.2384550181287241,0.7225075800958086,0.7363262279420828,5,Ablated
426,0.1166916556571763,0.247635384610051,anticlinal,0.1975423773593643,0.6142924012527896,0.6379060311629678,0.5967066902613042,1.4297633509749423,1.457108941242676,5,Ablated
427,0.1174738039938126,0.2939963042293473,anticlinal,0.2483189397352613,0.7292968085674831,0.7573312509552864,0.6015609745976088,1.4393466156946924,1.4668754950572784,5,Ablated
428,0.0499168534857704,0.2550932528097841,periclinal,0.2057105697279503,0.6327926320330354,0.6571174177413428,0.182279066935413,0.6116057511396819,0.6233032955372569,5,Ablated
429,0.0257462638851639,0.2124738677441203,periclinal,0.1590319041195071,0.5270695972045093,0.5473303498687316,0.0322679897501586,0.3154558423241752,0.321489236735829,5,Ablated
430,0.1154791867936459,0.3371530042453558,anticlinal,0.2955860968213482,0.8363527243637111,0.868502436239061,0.5891816872192926,1.4149075882769917,1.4419690478880147,5,Ablated
431,0.0783418923534334,0.1310840132568099,anticlinal,0.0698900782653886,0.3251712730641401,0.3376709785527618,0.3586947344896647,0.9598832573087656,0.9782419418010798,5,Ablated
432,0.0585726284620082,0.3436785030179439,periclinal,0.3027331162976885,0.8525400891730558,0.8853120494126201,0.2359998139057727,0.7176605479939555,0.7313864917198021,5,Ablated
433,0.0753179334525974,0.2137483522595644,anticlinal,0.1604277768292586,0.5302311250071069,0.5506134079838141,0.3399269948699835,0.9228322309357072,0.9404822791453068,5,Ablated
434,0.0950530149309964,0.2926501301121893,anticlinal,0.2468445493523699,0.7259574452037395,0.7538635212135016,0.4624097675218806,1.1646361205747005,1.1869108992242734,5,Ablated
435,0.0718666879122168,0.3077064822773297,anticlinal,0.2633349427946199,0.7633067228128181,0.7926485190383514,0.3185073659036175,0.8805458792590405,0.8973871605869886,5,Ablated
436,0.0888794625881224,0.1701884333678284,anticlinal,0.1127189963120007,0.4221749713337632,0.438403535304414,0.4240945566678252,1.0889947318613689,1.109822796674259,5,Ablated
437,0.0871757553788353,0.1288657112545931,anticlinal,0.0674604942340733,0.3196684808610331,0.3319566569569881,0.4135207577702166,1.0681200762151517,1.0885488932924694,5,Ablated
438,0.0562859896697675,0.1164703295689335,periclinal,0.053884515230564,0.2889200932987346,0.3000262898638504,0.221808139063509,0.6896435289221877,0.7028336203872125,5,Ablated
439,0.073441727686961,0.6412662352264452,periclinal,0.6286645725947162,1.5907459109686564,1.6518947794002643,0.328282609996673,0.8998440384425296,0.9170544155048126,5,Ablated
440,0.0526574973301559,0.4680560509463604,periclinal,0.4389569956428199,1.1610750858949248,1.2057072469314871,0.1992884548763297,0.6451854625998513,0.6575252510654901,5,Ablated
441,0.0931214604632884,0.2928735737470596,anticlinal,0.2470892748616275,0.7265117267625937,0.7544391095630146,0.4504218693724872,1.1409697686595806,1.1627919057148912,5,Ablated
442,0.0434516755128958,0.3342856936926506,periclinal,0.2924456894626058,0.8292399804102073,0.8611162757448001,0.1421539260956145,0.5323912222936497,0.5425737131352653,5,Ablated
443,0.0771447684102133,0.5245229801096706,anticlinal,0.5008021137807007,1.3011487896659857,1.3511654363225103,0.3512649673547243,0.9452155080943808,0.9632936578675102,5,Ablated
