,Strain,SOK5,Orientation,Zone,oX,dX,oY,dY,Normalized SOK5,Relative SOK5 (mean),Relative SOK5 (median),Normalized strain,Relative strain (mean),Relative strain (median)
0,0.10399533861667172,0.5359485332987352,anticlinal,boundary,868.0,916.0,1319.0,1292.0,0.5133158930358945,1.3294913890695566,1.3805975358593139,0.517908935344982,1.2742018526429424,1.2985721806115544
1,0.07344172768696103,0.6412662352264451,periclinal,boundary,916.0,963.0,1292.0,1333.0,0.628664572594716,1.590745910968656,1.651894779400264,0.328282609996673,0.8998440384425295,0.9170544155048126
2,0.06811584343347613,0.42562305336412903,periclinal,boundary,963.0,995.0,1333.0,1377.0,0.39248246998147657,1.0558144099289717,1.096400311169245,0.29522832182948633,0.8345886945682568,0.8505510008255713
3,0.12020942309445545,0.2949973560631296,anticlinal,boundary,995.0,975.0,1377.0,1388.0,0.24941533668547172,0.7317800503534699,0.7599099494853129,0.6185391772330002,1.4728647615321024,1.5010347074613895
4,0.12075234936105765,0.2739028584059401,anticlinal,ground,975.0,931.0,1388.0,1402.0,0.2263116949787468,0.6794523523572348,0.7055707551853391,0.6219087662844448,1.4795169602167282,1.5078141358022275
5,0.05731554785994479,0.5792186165372546,periclinal,ground,931.0,868.0,1402.0,1319.0,0.560707232522104,1.4368285669807594,1.4920607950790743,0.22819793491397988,0.7022581804130885,0.7156895391415423
6,0.09898348828981642,0.7341274062364299,anticlinal,ground,815.0,868.0,1338.0,1319.0,0.7303702997633544,1.8211003565285906,1.8911041360978318,0.48680365083822885,1.2127942063330683,1.2359900543892175
7,0.11257027244451388,0.410241275552428,anticlinal,ground,931.0,904.0,1402.0,1426.0,0.37563565574824587,1.0176578708609956,1.0567770204527596,0.5711279540599662,1.3792661441300949,1.4056459270653756
8,0.11191569042507561,0.5775383069686181,periclinal,ground,904.0,858.0,1426.0,1414.0,0.5588668819785143,1.4326603363323358,1.4877323360838384,0.5670653906113869,1.3712458844437505,1.3974722722489394
9,0.08036136871407122,0.5166820470099134,periclinal,ground,858.0,820.0,1414.0,1361.0,0.49221437152074454,1.2816983156172261,1.3309672787685862,0.3712283064552333,0.9846268713430268,1.0034588010969872
10,0.10125155287253576,0.5884303990731576,periclinal,ground,820.0,815.0,1361.0,1338.0,0.5707963906830822,1.459679614793289,1.5157902457255057,0.5008800476825539,1.240583645087312,1.2643109927132505
11,0.0916015943726806,0.7431672558478836,anticlinal,provascular,1014.0,989.0,1298.0,1312.0,0.7402711492597405,1.8435249019283864,1.9143906894190912,0.4409890523333983,1.122347624492522,1.1438135952466393
12,0.043451675512895825,0.33428569369265065,periclinal,provascular,989.0,898.0,1312.0,1230.0,0.29244568946260574,0.8292399804102072,0.8611162757448002,0.1421539260956145,0.5323912222936495,0.5425737131352653
13,0.07678286652628566,0.3713512484892549,anticlinal,provascular,898.0,953.0,1230.0,1219.0,0.3330415506012975,0.9211860029692495,0.95659673783784,0.3490188785194732,0.9407813088590156,0.958774650334763
14,0.07588456373743398,0.4207684787830096,anticlinal,provascular,953.0,1005.0,1219.0,1238.0,0.3871655217619237,1.0437719940957395,1.08389498036241,0.3434436992946033,0.9297748628681215,0.9475576955473147
15,0.050421828996821766,0.5530450693784742,periclinal,provascular,1005.0,1014.0,1238.0,1298.0,0.5320407875762375,1.3719016133517836,1.4246380250423696,0.1854131204118362,0.6177929585691666,0.6296088392208868
16,0.08704241770098069,0.39845129690467823,anticlinal,ground,733.0,820.0,1405.0,1361.0,0.36272274135539184,0.9884112657942359,1.026406164936593,0.4126932178129849,1.0664863576426709,1.0868839282912246
17,0.10011411345639296,0.39557461822857215,anticlinal,ground,858.0,790.0,1414.0,1471.0,0.35957207360694804,0.9812752829686773,1.0189958722593344,0.49382070346017437,1.226647179947653,1.2501079793610992
18,0.11751478873199085,0.0945086105284905,anticlinal,ground,708.0,746.0,1362.0,1346.0,0.029831053696663883,0.23444113769133265,0.24345314280465355,0.601815340122979,1.4398487807918148,1.4673872645417168
19,0.09736676842681395,0.4356175734891211,anticlinal,ground,746.0,797.0,1346.0,1322.0,0.4034289175220166,1.080607142100986,1.1221460852489538,0.4767697256356053,1.1929853622825126,1.21580234726827
20,0.1005238895219329,0.5100998826507853,periclinal,ground,797.0,815.0,1322.0,1338.0,0.4850052893477808,1.265370384308151,1.3140116956664156,0.4963639161004999,1.2316679571173332,1.2552247836916475
21,0.0817242415197881,0.5623846514016112,anticlinal,provascular,1039.0,1005.0,1232.0,1238.0,0.5422699174782518,1.3950696847351387,1.4486966857643904,0.3796867686206308,1.0013254568475385,1.0204767630052551
22,0.03377057328345946,0.5220545936556804,periclinal,provascular,953.0,956.0,1219.0,1159.0,0.4980986260203611,1.2950256298258471,1.3448068999254574,0.0820696419397214,0.4137736134617478,0.4216874291918888
23,0.07407520398208406,0.9689326155981448,anticlinal,provascular,956.0,1005.0,1159.0,1158.0,0.987539515931755,2.4035658071450428,2.495959776725217,0.33221418398692215,0.907605700451501,0.9249645267161989
24,0.06988127381011996,0.9068785676310734,anticlinal,provascular,1005.0,1049.0,1158.0,1162.0,0.919575134225111,2.249632514481015,2.336109230654814,0.3061851961495594,0.8562196127089577,0.8725956309446827
25,0.03554533924370049,0.5810316450600334,periclinal,provascular,1049.0,1039.0,1162.0,1232.0,0.5626929428279418,1.441326024589862,1.4967311366426286,0.09308445613526749,0.4355189157476737,0.4438486311622999
26,0.08523181684751124,0.3723361496127925,periclinal,ground,797.0,794.0,1322.0,1266.0,0.33412025856792255,0.9236291807773289,0.9591338323156472,0.40145599981915175,1.044301988683678,1.064275262078083
27,0.04966696115547969,0.30415318524505675,periclinal,ground,794.0,868.0,1266.0,1319.0,0.2594432122189346,0.7544922984535668,0.7834952649063958,0.1807281483079951,0.6085439478468296,0.6201829323307873
28,0.056394374974834606,0.1584807826735873,periclinal,ground,746.0,735.0,1346.0,1211.0,0.09989625119320203,0.3931325916701326,0.40824475569234,0.22248081592546498,0.6909715187951256,0.7041870093354035
29,0.16932197853893247,0.2660623606865726,anticlinal,ground,735.0,787.0,1211.0,1220.0,0.2177244295669572,0.6600029583272516,0.6853737191665171,0.9233487605855576,2.0746158589159,2.1142948695732735
30,0.11921461707458068,0.2882523615999588,periclinal,ground,787.0,794.0,1220.0,1266.0,0.24202791566585674,0.7150481973844666,0.7425349178233682,0.6123650654261437,1.460675910662381,1.4886127331719843
31,0.17434205161819888,0.09430642176116194,anticlinal,ground,670.0,726.0,1213.0,1207.0,0.029609607473416597,0.23393958164923398,0.24293230676050181,0.9545050783507872,2.1361242544179535,2.1769796719123593
32,0.18167243748521644,0.21466948027768273,anticlinal,ground,726.0,735.0,1207.0,1211.0,0.16143663762521018,0.5325161051726116,0.5529862236424331,1.0,2.2259397343864378,2.2685129587565362
33,0.1310113291944731,0.29448656278884683,anticlinal,boundary,787.0,842.0,1220.0,1219.0,0.24885589293919166,0.7305129599192937,0.7585941516204174,0.6855795596354616,1.6052150086470347,1.6359162795168933
34,0.09699416228164075,0.41210736942313303,periclinal,boundary,842.0,874.0,1219.0,1242.0,0.3776794856076021,1.0222869641006536,1.061584057769795,0.47445720243584544,1.1884200091926411,1.2111496774382275
35,0.05265749733015596,0.4680560509463604,periclinal,boundary,874.0,916.0,1242.0,1292.0,0.4389569956428198,1.1610750858949246,1.2057072469314876,0.19928845487632973,0.6451854625998512,0.6575252510654901
36,0.0394508983246151,0.2709781498196164,periclinal,provascular,898.0,876.0,1230.0,1164.0,0.2231084227144284,0.6721972249719196,0.6980367379868362,0.11732371278641474,0.48337173956366414,0.49261668595853175
37,0.07447077968008607,0.7277683291660662,anticlinal,provascular,876.0,933.0,1164.0,1158.0,0.7234055528133809,1.805325822814612,1.8747232234015188,0.33466926421235865,0.9124524877590802,0.9299040134622814
38,0.07194951225516096,0.9803095082682095,anticlinal,provascular,933.0,956.0,1158.0,1159.0,1.0,2.4317876976801713,2.525266527299478,0.31902140255342676,0.8815606836976541,0.898421374130166
39,0.09312146046328845,0.2928735737470596,anticlinal,boundary,898.0,874.0,1230.0,1242.0,0.2470892748616275,0.7265117267625936,0.7544391095630147,0.4504218693724872,1.1409697686595803,1.1627919057148912
40,0.06023771753194424,0.5309349008673602,periclinal,boundary,842.0,856.0,1219.0,1164.0,0.5078247375115427,1.3170544091520138,1.3676824737770328,0.24633393521261215,0.7380620352716544,0.7521781769358996
41,0.08928916980836071,0.434316653675322,anticlinal,boundary,856.0,876.0,1164.0,1164.0,0.4020040916856474,1.077380038036216,1.1187949300956277,0.42663734203028825,1.0940146655046747,1.1149387413451857
42,0.07682051649080887,0.8447893137444997,anticlinal,provascular,1072.0,1049.0,1162.0,1162.0,0.8515721934134644,2.095611888866313,2.176167994522413,0.3492525472808663,0.9412426146750796,0.9592447790653502
43,0.020547072251305563,0.7404014771178723,periclinal,provascular,1005.0,1011.0,1158.0,1100.0,0.7372419441155031,1.8366640211214376,1.9072660737850424,0.0,0.2517527985124978,0.2565678113411479
44,0.068627434447052,0.7244512841215175,anticlinal,provascular,1011.0,1074.0,1100.0,1100.0,0.7197725760305372,1.7970974528315093,1.8661785517953635,0.29840343341314773,0.8408569583766632,0.8569391511688214
45,0.03463682204333508,0.42104404541349855,periclinal,provascular,1074.0,1072.0,1100.0,1162.0,0.38746733471810824,1.0444555736553196,1.0846048369762094,0.08744588272352387,0.42438731778124333,0.4325041307481969
46,0.03875353465165449,0.8441719628465444,periclinal,provascular,933.0,935.0,1158.0,1090.0,0.8508960429696152,2.0940804681199694,2.174577705389179,0.11299563153149737,0.4748272980928054,0.4839088238800813
47,0.0642055367592212,0.8593724432612599,anticlinal,provascular,935.0,1011.0,1090.0,1100.0,0.8675442921471435,2.131787274959611,2.2137339760020827,0.27095959996450736,0.7866777009120571,0.8017236636353532
48,0.0530586449210825,0.11253909311495609,anticlinal,ground,972.0,1024.0,1604.0,1564.0,0.04957884841767573,0.27916814009944085,0.2898994679322074,0.20177811620522215,0.6501005194701012,0.662534313094863
49,0.029473686981468777,0.07536901065320614,periclinal,ground,1024.0,1060.0,1564.0,1623.0,0.008868503883208808,0.18696282280947465,0.19414974372170066,0.055401672587082486,0.36112605675948145,0.36803293766142464
50,0.06806032188704268,0.20330439164638478,periclinal,ground,1024.0,1031.0,1564.0,1496.0,0.14898908187063223,0.5043234961205391,0.5237098801424,0.2948837358212384,0.8339084173724888,0.8498577126784097
51,0.11141852938427273,0.16818104451556593,anticlinal,ground,1031.0,1057.0,1496.0,1496.0,0.11052041383981082,0.417195377160474,0.43323252366662246,0.56397983645248,1.365154423733305,1.3912643065318393
52,0.10009810402642162,0.17766036513180833,anticlinal,ground,1057.0,1114.0,1496.0,1497.0,0.12090259172809024,0.4407100886495698,0.4576511494698392,0.493721343375261,1.2264510245660698,1.249908072320411
53,0.04699140918093928,0.2449038200669497,periclinal,boundary,1057.0,1072.0,1496.0,1369.0,0.1945506451300311,0.6075163932723427,0.6308695508986506,0.1641227431276486,0.5757617738748961,0.5867737679573228
54,0.1182266895135345,0.39018394511023896,anticlinal,boundary,1072.0,1127.0,1369.0,1366.0,0.35366796618007146,0.967903003641778,1.0051095575082023,0.6062336437247127,1.4485713380410823,1.476276649033033
55,0.04117196644345082,0.16824118715844597,anticlinal,ground,908.0,964.0,1576.0,1494.0,0.11058628476477794,0.41734456895941924,0.4333874504541802,0.1280052595207678,0.5044591095815509,0.5141073720776042
56,0.08615232319553247,0.26205953444547425,anticlinal,ground,964.0,1016.0,1494.0,1484.0,0.2133403544023565,0.6500734171701429,0.6750624827294673,0.40716898204690277,1.055580483562584,1.0757694689484771
57,0.09761816013284008,0.26170234414150867,anticlinal,ground,1016.0,1031.0,1484.0,1496.0,0.21294914353125408,0.6491873592674213,0.6741423644292035,0.47832994990979816,1.1960655366616573,1.2189414329256119
58,0.07845360193623581,0.2671916329069038,anticlinal,ground,858.0,920.0,1536.0,1478.0,0.2189612592460464,0.6628042677806147,0.6882827120041459,0.35938804297427335,0.9612519778616103,0.9796368404423501
59,0.08140809585945842,0.34964632645578814,anticlinal,ground,920.0,964.0,1478.0,1494.0,0.3092693446885056,0.8673440663819622,0.9006850970484064,0.3777246588071279,0.9974518852869712,1.016529105687282
60,0.09090324133361243,0.4284233303989382,periclinal,ground,904.0,920.0,1426.0,1478.0,0.39554945921929574,1.0627608683545102,1.1036137940575845,0.43665483072865996,1.1137910608232648,1.135093379121163
61,0.04716888904390716,0.35116152982419535,periclinal,ground,975.0,1014.0,1388.0,1420.0,0.310928863502625,0.8711027292121182,0.9045882442850883,0.1652242448229914,0.5779363441316849,0.5889899289481375
62,0.04970293728727916,0.28471545439178453,periclinal,ground,1014.0,1016.0,1420.0,1484.0,0.23815413596199445,0.7062744301567379,0.7334238836982936,0.18095142868192782,0.6089847450440847,0.6206321601956343
63,0.11541899227037612,0.38820041277644984,anticlinal,boundary,995.0,1053.0,1377.0,1365.0,0.3514955124388965,0.9629825887252886,1.0,0.5888080990931622,1.414170055478987,1.4412174090705148
64,0.11008085660141785,0.5621262354678116,anticlinal,boundary,1053.0,1072.0,1365.0,1369.0,0.5419868887357409,1.3944286497524132,1.4480310091569097,0.5556777743847668,1.3487646012584114,1.3745610130411625
65,0.0407712032668608,0.4514858832874508,periclinal,boundary,1053.0,1052.0,1365.0,1303.0,0.4208086034491175,1.1199705882627242,1.1630226770197813,0.1255179840008134,0.49954876274413784,0.5091031101649468
66,0.0917238256463442,0.5095294493554143,anticlinal,provascular,1052.0,1129.0,1303.0,1310.0,0.48438052517050517,1.2639553488950181,1.3125422657621784,0.4417476620872763,1.1238452619580543,1.145339876459736
67,0.0771447684102133,0.5245229801096705,anticlinal,boundary,963.0,989.0,1333.0,1312.0,0.5008021137807005,1.3011487896659852,1.3511654363225103,0.3512649673547243,0.9452155080943805,0.9632936578675102
68,0.09002381236024434,0.6018867924845751,anticlinal,provascular,1014.0,1052.0,1298.0,1303.0,0.5855344374047666,1.4930599826026731,1.5504537673719045,0.4311967889604294,1.10301586606897,1.124112098471181
69,0.07046026134250451,0.6615463521039333,anticlinal,provascular,1039.0,1129.0,1232.0,1235.0,0.6508762678776469,1.6410534294760648,1.7041361377554567,0.3097785939460144,0.8633136516941174,0.8798253502039936
70,0.07577350528202717,0.570012389330387,anticlinal,provascular,1072.0,1130.0,1162.0,1163.0,0.5506241588071118,1.4139912998983881,1.4683456548992284,0.34275443193284694,0.9284141202472178,0.9461709274235572
71,0.09056224964391782,0.597387847953787,periclinal,boundary,856.0,841.0,1164.0,1131.0,0.5806069911964264,1.4818997542561754,1.5388645356691064,0.4345385178241115,1.109613063534884,1.1308354736424442
72,0.09286628291752877,0.5082462207655299,periclinal,boundary,841.0,835.0,1131.0,1071.0,0.4829750755575152,1.2607721302565444,1.3092366830073672,0.4488381488615097,1.137843208316733,1.159605546917968
73,0.12542270709612038,0.5826514114745728,anticlinal,boundary,835.0,870.0,1071.0,1071.0,0.5644669837886825,1.4453440699181697,1.5009036371378102,0.6508946291141899,1.536740471940245,1.5661321018661813
74,0.07298008601564404,0.7416114400529776,anticlinal,provascular,870.0,935.0,1071.0,1090.0,0.7385671498912171,1.8396654945901953,1.910382925017764,0.3254175013860778,0.8941877784536323,0.9112899741389074
75,0.09777645248653309,0.3731565395495698,periclinal,ground,787.0,787.0,1220.0,1148.0,0.33501878649056516,0.9256642667769333,0.9612471477830621,0.4793123672558393,1.1980050121517878,1.2209180027377162
76,0.0800843727975874,0.4629586747529448,anticlinal,boundary,787.0,841.0,1148.0,1131.0,0.4333741201872895,1.1484303684734911,1.1925764618378842,0.3695091735547015,0.9812329816297658,1.0
77,0.08759373137310549,0.525386618482191,periclinal,ground,787.0,775.0,1148.0,1095.0,0.5017480093335198,1.3032911591440188,1.353390159285435,0.416114862017325,1.0732413229300881,1.0937680887443288
78,0.08034096518142217,0.5124700602062773,periclinal,ground,775.0,780.0,1095.0,1047.0,0.48760121430950865,1.2712499239557313,1.3201172470194917,0.3711016750423615,0.984376877262064,1.0032040256403494
79,0.152943922437057,0.3746921982727825,anticlinal,boundary,780.0,829.0,1047.0,1058.0,0.33670070892842047,0.9294736718265089,0.9652029877890773,0.821700853826129,1.8739438893325038,1.9097848568237092
80,0.12998762375684045,0.5296480821500122,periclinal,boundary,829.0,835.0,1058.0,1071.0,0.5064153558296337,1.3138622847264134,1.3643676428933034,0.6792260880008341,1.5926720679485076,1.6231334430923634
81,0.0944563383884878,0.41812468893899035,periclinal,ground,726.0,722.0,1207.0,1092.0,0.3842699243271452,1.0372137228929075,1.077084606758965,0.4587065855825107,1.1573253471688318,1.1794603002913617
82,0.08429376676826954,0.32858225114856204,anticlinal,ground,722.0,775.0,1092.0,1095.0,0.28619902290647636,0.8150918350579888,0.8464242703878327,0.39563413509983886,1.0328085394123852,1.0525619896071527
83,0.13698927680624345,0.2781852219427316,anticlinal,ground,664.0,719.0,1062.0,1069.0,0.23100193195048402,0.6900753228353652,0.7166020766261475,0.722680779564999,1.6784597523369134,1.7105618989173172
84,0.10472657354179674,0.6225043067840856,periclinal,ground,719.0,722.0,1069.0,1092.0,0.6081156655051106,1.5442044601451446,1.6035642577808455,0.5224472333594719,1.2831613012942509,1.3077029872793322
85,0.10784972840639775,0.6270821496194402,periclinal,ground,719.0,739.0,1069.0,1034.0,0.6131295246818748,1.555560406195892,1.615356730649726,0.5418306175961315,1.3214277252272892,1.3467012931347675
86,0.09691245455935674,0.34485228407591817,anticlinal,ground,739.0,780.0,1034.0,1047.0,0.30401869405575066,0.8554518086988555,0.8883356965272104,0.4739500959218252,1.1874188861375659,1.2101294069481219
87,0.07448433755004082,0.31044571499100215,periclinal,ground,786.0,780.0,1020.0,1047.0,0.26633507354892855,0.7701017527069575,0.7997047524258463,0.3347534090640092,0.9126186054259298,0.9300733082882396
88,0.09567014557218799,0.39337678394770476,periclinal,ground,739.0,736.0,1034.0,1007.0,0.35716490674376317,0.9758232636618415,1.013334275288975,0.4662398947044982,1.1721975076213595,1.1946169050233246
89,0.06287940017016512,0.30713388571085204,anticlinal,ground,736.0,786.0,1007.0,1020.0,0.2627078093056224,0.761886321118914,0.7911735165715009,0.2627291355237852,0.7704292255370084,0.7851644206428674
90,0.10766820021034487,0.11623136047608436,anticlinal,ground,688.0,736.0,984.0,1007.0,0.053622785542097755,0.28832729878310953,0.29941070810508813,0.540703990539061,1.3192035528096187,1.344434581294348
91,0.07238202675679777,0.29563357358838904,periclinal,ground,786.0,809.0,1020.0,948.0,0.2501121507073085,0.7333582722700436,0.7615488388432843,0.32170573782868844,0.8868600633295813,0.9038221094612646
92,0.07077336245191325,0.28338257124250327,anticlinal,boundary,809.0,873.0,948.0,986.0,0.23669430244434583,0.702968036800834,0.7299903913437947,0.311721808218666,0.8671499199247901,0.8837349907302433
93,0.06342291956981168,0.5653098823455991,periclinal,boundary,873.0,829.0,986.0,1058.0,0.5454737618521559,1.4023261078978904,1.4562320485504996,0.26610240576498845,0.7770886915783642,0.791951255335577
94,0.06505963752061417,0.2076916274707962,periclinal,ground,736.0,761.0,1007.0,925.0,0.15379417968416384,0.5152066162113282,0.5350113514443842,0.27626044604887806,0.7971425620009003,0.8123886751919988
95,0.07231578918342152,0.20187807269313765,anticlinal,ground,761.0,809.0,925.0,948.0,0.1474269132619808,0.5007853228658474,0.52003569818302,0.32129464443392663,0.8860484881202184,0.9029950121005391
96,0.08320049488026558,0.06727173158517633,anticlinal,ground,733.0,761.0,909.0,925.0,0.0,0.16687644860190068,0.17329124176876032,0.38884890990319265,1.0194132364722035,1.0389104886986398
97,0.07928105064940874,0.5817820752991891,anticlinal,provascular,1074.0,1133.0,1100.0,1101.0,0.5635148477461391,1.4431875662847602,1.4986642366972849,0.36452347718707834,0.97139028499457,0.9899690523866741
98,0.0799435752761871,0.6972591554014964,periclinal,provascular,870.0,884.0,1071.0,1057.0,0.6899905347892568,1.7296437726036202,1.7961319268432154,0.3686353352164864,0.9795078613983959,0.9982418851958027
99,0.046890894152745034,0.42846562363796525,anticlinal,provascular,884.0,1082.0,1057.0,1053.0,0.3955957806751075,1.0628657823408518,1.1037227409768435,0.1634989119385101,0.5745302144911082,0.5855186538235292
100,0.04430989503863837,0.5108923664053455,periclinal,provascular,1082.0,1074.0,1053.0,1100.0,0.48587325316570656,1.2673362453231638,1.3160531251149117,0.14748033466261226,0.5429065485017436,0.5532901550047882
101,0.05172280808391638,0.45515251713562804,periclinal,provascular,1082.0,1095.0,1053.0,996.0,0.42482446559832426,1.1290661596192102,1.1724678855448136,0.19348744865435683,0.6337331919015088,0.6458539447470651
102,0.10961391699804002,0.44120758715697816,anticlinal,provascular,1095.0,1147.0,996.0,987.0,0.4095513516760173,1.094473912088123,1.1365458990664525,0.552779784967024,1.3430434284096022,1.3687304172948735
103,0.04934354230970887,0.599485348908695,periclinal,provascular,884.0,936.0,1057.0,998.0,0.5829042684925839,1.4871028834464946,1.5442676750936797,0.1787208985785605,0.6045812616539433,0.6161444559780005
104,0.06740098594422732,0.4472059459788441,anticlinal,provascular,936.0,1065.0,998.0,1003.0,0.41612102379150995,1.1093536363652583,1.1519976055161316,0.29079166787241983,0.8258299102872227,0.8416246964258902
105,0.0830991500274455,0.5228928802100377,anticlinal,provascular,1065.0,1095.0,1003.0,996.0,0.49901675512275445,1.297105110757964,1.346966316883213,0.38821992853410187,1.0181715096704362,1.037645012685283
106,0.09131797001353527,0.5200954572920595,periclinal,boundary,873.0,898.0,986.0,961.0,0.49595289184193725,1.2901657323476032,1.339760186168486,0.43922878101464236,1.1188725198514404,1.1402720259087338
107,0.08551604551547329,0.47267600955659456,anticlinal,boundary,898.0,943.0,961.0,983.0,0.44401698190868705,1.172535505708669,1.2176082095739322,0.4032200216883926,1.0477844976125292,1.067824377317837
108,0.028931325521678198,0.43876295857914704,periclinal,provascular,943.0,936.0,983.0,998.0,0.40687388460919754,1.0884096868094464,1.13024856269747,0.05203558892295415,0.3544807783647006,0.36126056196758743
109,0.06731241329475615,0.2097301345307612,periclinal,ground,809.0,811.0,948.0,911.0,0.15602684421571333,0.5202634032242527,0.5402625232434696,0.2902419552350422,0.8247446747800271,0.8405187047526455
110,0.10583243872088673,0.327558648923958,periclinal,ground,811.0,841.0,911.0,901.0,0.2850779277549453,0.8125526540379989,0.8437874822987033,0.5293106168961644,1.2967109034082815,1.3215117384808315
111,0.06976433500750498,0.38999204457579284,anticlinal,boundary,841.0,898.0,901.0,961.0,0.3534577880917746,0.9674269689252845,1.0046152238389678,0.30545943330988967,0.8547868211923391,0.8711354359212348
112,0.05154595837891608,0.1480498323968943,periclinal,ground,761.0,781.0,925.0,885.0,0.08847180573970992,0.3672572366480372,0.38137474233483276,0.19238985793831057,0.6315663426489537,0.6436456524320677
113,0.08409473434572788,0.2847728853869473,anticlinal,ground,781.0,811.0,885.0,911.0,0.23821703696853483,0.7064168953540295,0.7335718253111116,0.39439887073129754,1.0303698966336603,1.050076705455091
114,0.09910636889520155,0.08894176832474811,anticlinal,ground,760.0,781.0,863.0,885.0,0.023733997971361782,0.22063184759283885,0.22911301842423945,0.4875662905703825,1.2142997997290643,1.2375244436975499
115,0.0577873771032974,0.33532171444969044,periclinal,provascular,1065.0,1042.0,1003.0,930.0,0.2935803859488821,0.831809967246264,0.8637850538371007,0.23112627113632225,0.7080392635270834,0.7215811909940848
116,0.11866745702695315,0.49325471011228245,anticlinal,provascular,1042.0,1063.0,930.0,926.0,0.4665556994527169,1.22358370061394,1.2706187162050482,0.6089692000586194,1.453971837617828,1.481780438324518
117,0.11148647894581125,0.5045240978805957,anticlinal,provascular,1063.0,1148.0,926.0,929.0,0.4788984393218752,1.2515389109880435,1.299648535333043,0.564401555040611,1.3659869750606084,1.392112781198804
118,0.04869494152154999,0.4304253216062675,periclinal,provascular,943.0,1042.0,983.0,930.0,0.39774212994821373,1.0677270729539614,1.1087709014213063,0.17469545672949294,0.596634286944394,0.6080454877835662
119,0.06573782333552228,0.48277026271068507,periclinal,boundary,898.0,984.0,961.0,917.0,0.45507266154415826,1.1975756388812533,1.2436108948413058,0.28046950285333316,0.8054520269566069,0.820857066604918
120,0.0984706874842243,0.40787017435214323,anticlinal,boundary,984.0,1042.0,917.0,930.0,0.3730387191692374,1.0117760399900564,1.0506690898008408,0.48362103086496977,1.2065111195600087,1.2295867975779515
121,0.0880445881184607,0.30141035884943385,periclinal,ground,841.0,877.0,901.0,875.0,0.2564391455026731,0.7476883539549245,0.7764297742336633,0.41891303563015564,1.0787654407208453,1.099397860566289
122,0.08978801915805178,0.2721524428331462,periclinal,ground,877.0,929.0,875.0,845.0,0.22439456118921958,0.6751102144713464,0.7010617038933152,0.42973337442076176,1.1001268122029901,1.1211677886894396
123,0.07317930737167642,0.2380930869786946,anticlinal,boundary,929.0,982.0,845.0,889.0,0.1870912242142857,0.5906214669286614,0.6133251772604466,0.3266539383415079,0.8966287361380741,0.9137776174714701
124,0.0764997907397622,0.3510474160170788,periclinal,boundary,982.0,984.0,889.0,917.0,0.310803880933414,0.8708196547851734,0.9042942883711819,0.34726201183301136,0.9373129255985303,0.9552399309302801
125,0.07399750407224735,0.12849307478370223,anticlinal,ground,813.0,877.0,793.0,875.0,0.06705236602688705,0.31874410669351083,0.33099674950035823,0.331731951349473,0.9066536830785968,0.9239943011013577
126,0.04348673673681091,0.3203560876664199,periclinal,boundary,1063.0,1075.0,926.0,830.0,0.27718935902156366,0.7946857459746356,0.8252337635995792,0.14237152823332996,0.5328208095911456,0.5430115167003091
127,0.11547918679364592,0.33715300424535577,anticlinal,boundary,1075.0,1094.0,830.0,831.0,0.2955860968213481,0.8363527243637109,0.868502436239061,0.5891816872192926,1.4149075882769913,1.4419690478880147
128,0.11669165565717633,0.24763538461005105,anticlinal,boundary,1094.0,1148.0,831.0,830.0,0.19754237735936428,0.6142924012527896,0.637906031162968,0.5967066902613042,1.4297633509749421,1.4571089412426759
129,0.03672816180658176,0.23718577188963458,periclinal,boundary,982.0,1016.0,889.0,826.0,0.18609749195891703,0.5883707515649049,0.6109879435553847,0.10042546393477893,0.4500114374416179,0.4586183361816655
130,0.09569853300487532,0.2524241575257045,anticlinal,boundary,1016.0,1034.0,826.0,823.0,0.20278725663812816,0.6261715873313194,0.6502418576022128,0.466416076975031,1.172545324358178,1.1949713740875838
131,0.11747380399381266,0.2939963042293474,anticlinal,boundary,1034.0,1075.0,823.0,830.0,0.2483189397352613,0.7292968085674831,0.7573312509552866,0.6015609745976088,1.4393466156946921,1.4668754950572784
132,0.07784499568298213,0.24363505985629663,periclinal,ground,929.0,937.0,845.0,811.0,0.19316104193610595,0.6043690653666666,0.6276012385298441,0.3556108211050155,0.9537950357934242,0.9720372772317856
133,0.07293528415687718,0.22247399651327054,anticlinal,boundary,937.0,1016.0,811.0,826.0,0.16998449449915112,0.5518762423619115,0.573090571754196,0.3251394454840674,0.8936388441244408,0.9107305409161475
134,0.0829064749757504,0.26057900216515323,anticlinal,ground,849.0,923.0,754.0,802.0,0.2117188089218402,0.6464007605704295,0.671248647834929,0.3870241202179166,1.015810760514814,1.035239111946295
135,0.08663223639449341,0.3041848124923798,anticlinal,ground,923.0,937.0,802.0,811.0,0.2594778518013601,0.7545707540334657,0.7835767363481617,0.4101474901065384,1.061460615262312,1.0817620637855987
136,0.058968224139155076,0.34627083492608224,periclinal,ground,923.0,955.0,802.0,759.0,0.305572354688849,0.85897071214401,0.8919898679383598,0.23845501812872413,0.7225075800958085,0.7363262279420828
137,0.07531793345259741,0.21374835225956437,anticlinal,ground,955.0,1023.0,759.0,759.0,0.16042777682925854,0.5302311250071067,0.550613407983814,0.3399269948699835,0.9228322309357071,0.9404822791453068
138,0.049916853485770483,0.2550932528097841,periclinal,boundary,1023.0,1034.0,759.0,823.0,0.20571056972795027,0.6327926320330353,0.6571174177413428,0.18227906693541307,0.6116057511396817,0.6233032955372569
139,0.07834189235343347,0.1310840132568099,anticlinal,ground,907.0,955.0,719.0,759.0,0.0698900782653886,0.32517127306414007,0.3376709785527619,0.3586947344896647,0.9598832573087653,0.9782419418010798
140,0.02574626388516396,0.21247386774412033,periclinal,boundary,1094.0,1087.0,831.0,719.0,0.15903190411950702,0.5270695972045091,0.5473303498687316,0.032267989750158606,0.3154558423241752,0.321489236735829
141,0.08887946258812242,0.17018843336782846,anticlinal,ground,1087.0,1145.0,719.0,725.0,0.11271899631200069,0.4221749713337632,0.4384035353044141,0.42409455666782525,1.0889947318613686,1.1098227966742593
142,0.0585726284620082,0.34367850301794384,periclinal,ground,1023.0,1052.0,759.0,715.0,0.30273311629768834,0.8525400891730555,0.88531204941262,0.23599981390577277,0.7176605479939554,0.7313864917198021
143,0.0950530149309964,0.2926501301121893,anticlinal,ground,1052.0,1087.0,715.0,719.0,0.2468445493523698,0.7259574452037394,0.7538635212135018,0.4624097675218806,1.1646361205747002,1.1869108992242734
144,0.0871757553788353,0.12886571125459317,anticlinal,ground,949.0,1019.0,679.0,696.0,0.06746049423407328,0.31966848086103306,0.33195665695698817,0.41352075777021663,1.0681200762151515,1.0885488932924694
145,0.07186668791221683,0.30770648227732966,anticlinal,ground,1019.0,1052.0,696.0,715.0,0.2633349427946197,0.7633067228128179,0.7926485190383513,0.31850736590361756,0.8805458792590404,0.8973871605869886
146,0.056285989669767555,0.11647032956893355,periclinal,ground,1019.0,1071.0,696.0,625.0,0.053884515230564034,0.2889200932987346,0.3000262898638505,0.22180813906350907,0.6896435289221875,0.7028336203872125
